ISO-10303-21;
HEADER;
/* Generated by software containing ST-Developer
 * from STEP Tools, Inc. (www.steptools.com) 
 */

FILE_DESCRIPTION(
/* description */ (''),
/* implementation_level */ '2;1');

FILE_NAME(
/* name */ 'Configuration 1.step',
/* time_stamp */ '2026-10-04T16:45:14+02:00',
/* author */ (''),
/* organization */ (''),
/* preprocessor_version */ 'ST-DEVELOPER v20.2',
/* originating_system */ 'Autodesk Translation Framework v15.15.0.0',
/* authorisation */ '');

FILE_SCHEMA (('AUTOMOTIVE_DESIGN { 1 0 10303 214 3 1 1 }'));
ENDSEC;

DATA;
#10=MECHANICAL_DESIGN_GEOMETRIC_PRESENTATION_REPRESENTATION('',(#13),#3293);
#11=SHAPE_REPRESENTATION_RELATIONSHIP('SRR','None',#3300,#12);
#12=ADVANCED_BREP_SHAPE_REPRESENTATION('',(#14),#3292);
#13=STYLED_ITEM('',(#3309),#14);
#14=MANIFOLD_SOLID_BREP('Body8',#1881);
#15=FACE_BOUND('',#152,.T.);
#16=FACE_BOUND('',#157,.T.);
#17=FACE_BOUND('',#248,.T.);
#18=PLANE('',#1898);
#19=PLANE('',#1904);
#20=PLANE('',#1905);
#21=PLANE('',#1906);
#22=PLANE('',#1973);
#23=PLANE('',#1976);
#24=PLANE('',#1983);
#25=PLANE('',#1986);
#26=PLANE('',#1993);
#27=PLANE('',#1996);
#28=PLANE('',#2003);
#29=PLANE('',#2006);
#30=PLANE('',#2013);
#31=PLANE('',#2016);
#32=PLANE('',#2023);
#33=PLANE('',#2026);
#34=PLANE('',#2033);
#35=PLANE('',#2036);
#36=PLANE('',#2043);
#37=PLANE('',#2046);
#38=PLANE('',#2053);
#39=PLANE('',#2056);
#40=PLANE('',#2063);
#41=PLANE('',#2066);
#42=PLANE('',#2073);
#43=PLANE('',#2076);
#44=PLANE('',#2083);
#45=PLANE('',#2086);
#46=PLANE('',#2093);
#47=PLANE('',#2096);
#48=PLANE('',#2103);
#49=PLANE('',#2106);
#50=PLANE('',#2113);
#51=PLANE('',#2114);
#52=PLANE('',#2115);
#53=FACE_OUTER_BOUND('',#150,.T.);
#54=FACE_OUTER_BOUND('',#151,.T.);
#55=FACE_OUTER_BOUND('',#153,.T.);
#56=FACE_OUTER_BOUND('',#154,.T.);
#57=FACE_OUTER_BOUND('',#155,.T.);
#58=FACE_OUTER_BOUND('',#156,.T.);
#59=FACE_OUTER_BOUND('',#158,.T.);
#60=FACE_OUTER_BOUND('',#159,.T.);
#61=FACE_OUTER_BOUND('',#160,.T.);
#62=FACE_OUTER_BOUND('',#161,.T.);
#63=FACE_OUTER_BOUND('',#162,.T.);
#64=FACE_OUTER_BOUND('',#163,.T.);
#65=FACE_OUTER_BOUND('',#164,.T.);
#66=FACE_OUTER_BOUND('',#165,.T.);
#67=FACE_OUTER_BOUND('',#166,.T.);
#68=FACE_OUTER_BOUND('',#167,.T.);
#69=FACE_OUTER_BOUND('',#168,.T.);
#70=FACE_OUTER_BOUND('',#169,.T.);
#71=FACE_OUTER_BOUND('',#170,.T.);
#72=FACE_OUTER_BOUND('',#171,.T.);
#73=FACE_OUTER_BOUND('',#172,.T.);
#74=FACE_OUTER_BOUND('',#173,.T.);
#75=FACE_OUTER_BOUND('',#174,.T.);
#76=FACE_OUTER_BOUND('',#175,.T.);
#77=FACE_OUTER_BOUND('',#176,.T.);
#78=FACE_OUTER_BOUND('',#177,.T.);
#79=FACE_OUTER_BOUND('',#178,.T.);
#80=FACE_OUTER_BOUND('',#179,.T.);
#81=FACE_OUTER_BOUND('',#180,.T.);
#82=FACE_OUTER_BOUND('',#181,.T.);
#83=FACE_OUTER_BOUND('',#182,.T.);
#84=FACE_OUTER_BOUND('',#183,.T.);
#85=FACE_OUTER_BOUND('',#184,.T.);
#86=FACE_OUTER_BOUND('',#185,.T.);
#87=FACE_OUTER_BOUND('',#186,.T.);
#88=FACE_OUTER_BOUND('',#187,.T.);
#89=FACE_OUTER_BOUND('',#188,.T.);
#90=FACE_OUTER_BOUND('',#189,.T.);
#91=FACE_OUTER_BOUND('',#190,.T.);
#92=FACE_OUTER_BOUND('',#191,.T.);
#93=FACE_OUTER_BOUND('',#192,.T.);
#94=FACE_OUTER_BOUND('',#193,.T.);
#95=FACE_OUTER_BOUND('',#194,.T.);
#96=FACE_OUTER_BOUND('',#195,.T.);
#97=FACE_OUTER_BOUND('',#196,.T.);
#98=FACE_OUTER_BOUND('',#197,.T.);
#99=FACE_OUTER_BOUND('',#198,.T.);
#100=FACE_OUTER_BOUND('',#199,.T.);
#101=FACE_OUTER_BOUND('',#200,.T.);
#102=FACE_OUTER_BOUND('',#201,.T.);
#103=FACE_OUTER_BOUND('',#202,.T.);
#104=FACE_OUTER_BOUND('',#203,.T.);
#105=FACE_OUTER_BOUND('',#204,.T.);
#106=FACE_OUTER_BOUND('',#205,.T.);
#107=FACE_OUTER_BOUND('',#206,.T.);
#108=FACE_OUTER_BOUND('',#207,.T.);
#109=FACE_OUTER_BOUND('',#208,.T.);
#110=FACE_OUTER_BOUND('',#209,.T.);
#111=FACE_OUTER_BOUND('',#210,.T.);
#112=FACE_OUTER_BOUND('',#211,.T.);
#113=FACE_OUTER_BOUND('',#212,.T.);
#114=FACE_OUTER_BOUND('',#213,.T.);
#115=FACE_OUTER_BOUND('',#214,.T.);
#116=FACE_OUTER_BOUND('',#215,.T.);
#117=FACE_OUTER_BOUND('',#216,.T.);
#118=FACE_OUTER_BOUND('',#217,.T.);
#119=FACE_OUTER_BOUND('',#218,.T.);
#120=FACE_OUTER_BOUND('',#219,.T.);
#121=FACE_OUTER_BOUND('',#220,.T.);
#122=FACE_OUTER_BOUND('',#221,.T.);
#123=FACE_OUTER_BOUND('',#222,.T.);
#124=FACE_OUTER_BOUND('',#223,.T.);
#125=FACE_OUTER_BOUND('',#224,.T.);
#126=FACE_OUTER_BOUND('',#225,.T.);
#127=FACE_OUTER_BOUND('',#226,.T.);
#128=FACE_OUTER_BOUND('',#227,.T.);
#129=FACE_OUTER_BOUND('',#228,.T.);
#130=FACE_OUTER_BOUND('',#229,.T.);
#131=FACE_OUTER_BOUND('',#230,.T.);
#132=FACE_OUTER_BOUND('',#231,.T.);
#133=FACE_OUTER_BOUND('',#232,.T.);
#134=FACE_OUTER_BOUND('',#233,.T.);
#135=FACE_OUTER_BOUND('',#234,.T.);
#136=FACE_OUTER_BOUND('',#235,.T.);
#137=FACE_OUTER_BOUND('',#236,.T.);
#138=FACE_OUTER_BOUND('',#237,.T.);
#139=FACE_OUTER_BOUND('',#238,.T.);
#140=FACE_OUTER_BOUND('',#239,.T.);
#141=FACE_OUTER_BOUND('',#240,.T.);
#142=FACE_OUTER_BOUND('',#241,.T.);
#143=FACE_OUTER_BOUND('',#242,.T.);
#144=FACE_OUTER_BOUND('',#243,.T.);
#145=FACE_OUTER_BOUND('',#244,.T.);
#146=FACE_OUTER_BOUND('',#245,.T.);
#147=FACE_OUTER_BOUND('',#246,.T.);
#148=FACE_OUTER_BOUND('',#247,.T.);
#149=FACE_OUTER_BOUND('',#249,.T.);
#150=EDGE_LOOP('',(#1158,#1159,#1160,#1161));
#151=EDGE_LOOP('',(#1162));
#152=EDGE_LOOP('',(#1163,#1164,#1165));
#153=EDGE_LOOP('',(#1166,#1167,#1168,#1169,#1170,#1171,#1172,#1173));
#154=EDGE_LOOP('',(#1174,#1175,#1176,#1177));
#155=EDGE_LOOP('',(#1178,#1179));
#156=EDGE_LOOP('',(#1180,#1181,#1182,#1183,#1184,#1185,#1186,#1187,#1188,
#1189,#1190,#1191,#1192,#1193,#1194,#1195,#1196,#1197,#1198,#1199,#1200,
#1201,#1202,#1203,#1204,#1205,#1206,#1207,#1208,#1209,#1210,#1211,#1212,
#1213,#1214,#1215,#1216,#1217,#1218,#1219,#1220,#1221,#1222,#1223,#1224,
#1225,#1226,#1227,#1228,#1229,#1230,#1231,#1232,#1233,#1234,#1235,#1236,
#1237,#1238,#1239,#1240,#1241,#1242,#1243,#1244,#1245,#1246,#1247,#1248,
#1249,#1250,#1251,#1252,#1253,#1254,#1255,#1256,#1257,#1258,#1259,#1260,
#1261,#1262,#1263,#1264,#1265,#1266,#1267,#1268,#1269));
#157=EDGE_LOOP('',(#1270));
#158=EDGE_LOOP('',(#1271,#1272,#1273,#1274));
#159=EDGE_LOOP('',(#1275,#1276,#1277,#1278));
#160=EDGE_LOOP('',(#1279,#1280,#1281,#1282));
#161=EDGE_LOOP('',(#1283,#1284,#1285,#1286));
#162=EDGE_LOOP('',(#1287,#1288,#1289,#1290));
#163=EDGE_LOOP('',(#1291,#1292,#1293,#1294));
#164=EDGE_LOOP('',(#1295,#1296,#1297,#1298));
#165=EDGE_LOOP('',(#1299,#1300,#1301,#1302));
#166=EDGE_LOOP('',(#1303,#1304,#1305,#1306));
#167=EDGE_LOOP('',(#1307,#1308,#1309,#1310));
#168=EDGE_LOOP('',(#1311,#1312,#1313,#1314));
#169=EDGE_LOOP('',(#1315,#1316,#1317,#1318));
#170=EDGE_LOOP('',(#1319,#1320,#1321,#1322));
#171=EDGE_LOOP('',(#1323,#1324,#1325,#1326));
#172=EDGE_LOOP('',(#1327,#1328,#1329,#1330));
#173=EDGE_LOOP('',(#1331,#1332,#1333,#1334));
#174=EDGE_LOOP('',(#1335,#1336,#1337,#1338));
#175=EDGE_LOOP('',(#1339,#1340,#1341,#1342));
#176=EDGE_LOOP('',(#1343,#1344,#1345,#1346));
#177=EDGE_LOOP('',(#1347,#1348,#1349,#1350));
#178=EDGE_LOOP('',(#1351,#1352,#1353,#1354));
#179=EDGE_LOOP('',(#1355,#1356,#1357,#1358));
#180=EDGE_LOOP('',(#1359,#1360,#1361,#1362));
#181=EDGE_LOOP('',(#1363,#1364,#1365,#1366));
#182=EDGE_LOOP('',(#1367,#1368,#1369,#1370));
#183=EDGE_LOOP('',(#1371,#1372,#1373,#1374));
#184=EDGE_LOOP('',(#1375,#1376,#1377,#1378));
#185=EDGE_LOOP('',(#1379,#1380,#1381,#1382));
#186=EDGE_LOOP('',(#1383,#1384,#1385,#1386));
#187=EDGE_LOOP('',(#1387,#1388,#1389,#1390));
#188=EDGE_LOOP('',(#1391,#1392,#1393,#1394));
#189=EDGE_LOOP('',(#1395,#1396,#1397,#1398));
#190=EDGE_LOOP('',(#1399,#1400,#1401,#1402));
#191=EDGE_LOOP('',(#1403,#1404,#1405,#1406));
#192=EDGE_LOOP('',(#1407,#1408,#1409,#1410));
#193=EDGE_LOOP('',(#1411,#1412,#1413,#1414));
#194=EDGE_LOOP('',(#1415,#1416,#1417,#1418));
#195=EDGE_LOOP('',(#1419,#1420,#1421,#1422));
#196=EDGE_LOOP('',(#1423,#1424,#1425,#1426));
#197=EDGE_LOOP('',(#1427,#1428,#1429,#1430));
#198=EDGE_LOOP('',(#1431,#1432,#1433,#1434));
#199=EDGE_LOOP('',(#1435,#1436,#1437,#1438));
#200=EDGE_LOOP('',(#1439,#1440,#1441,#1442));
#201=EDGE_LOOP('',(#1443,#1444,#1445,#1446));
#202=EDGE_LOOP('',(#1447,#1448,#1449,#1450));
#203=EDGE_LOOP('',(#1451,#1452,#1453,#1454));
#204=EDGE_LOOP('',(#1455,#1456,#1457,#1458));
#205=EDGE_LOOP('',(#1459,#1460,#1461,#1462));
#206=EDGE_LOOP('',(#1463,#1464,#1465,#1466));
#207=EDGE_LOOP('',(#1467,#1468,#1469,#1470));
#208=EDGE_LOOP('',(#1471,#1472,#1473,#1474));
#209=EDGE_LOOP('',(#1475,#1476,#1477,#1478));
#210=EDGE_LOOP('',(#1479,#1480,#1481,#1482));
#211=EDGE_LOOP('',(#1483,#1484,#1485,#1486));
#212=EDGE_LOOP('',(#1487,#1488,#1489,#1490));
#213=EDGE_LOOP('',(#1491,#1492,#1493,#1494));
#214=EDGE_LOOP('',(#1495,#1496,#1497,#1498));
#215=EDGE_LOOP('',(#1499,#1500,#1501,#1502));
#216=EDGE_LOOP('',(#1503,#1504,#1505,#1506));
#217=EDGE_LOOP('',(#1507,#1508,#1509,#1510));
#218=EDGE_LOOP('',(#1511,#1512,#1513,#1514));
#219=EDGE_LOOP('',(#1515,#1516,#1517,#1518));
#220=EDGE_LOOP('',(#1519,#1520,#1521,#1522));
#221=EDGE_LOOP('',(#1523,#1524,#1525,#1526));
#222=EDGE_LOOP('',(#1527,#1528,#1529,#1530));
#223=EDGE_LOOP('',(#1531,#1532,#1533,#1534));
#224=EDGE_LOOP('',(#1535,#1536,#1537,#1538));
#225=EDGE_LOOP('',(#1539,#1540,#1541,#1542));
#226=EDGE_LOOP('',(#1543,#1544,#1545,#1546));
#227=EDGE_LOOP('',(#1547,#1548,#1549,#1550));
#228=EDGE_LOOP('',(#1551,#1552,#1553,#1554));
#229=EDGE_LOOP('',(#1555,#1556,#1557,#1558));
#230=EDGE_LOOP('',(#1559,#1560,#1561,#1562));
#231=EDGE_LOOP('',(#1563,#1564,#1565,#1566));
#232=EDGE_LOOP('',(#1567,#1568,#1569,#1570));
#233=EDGE_LOOP('',(#1571,#1572,#1573,#1574));
#234=EDGE_LOOP('',(#1575,#1576,#1577,#1578));
#235=EDGE_LOOP('',(#1579,#1580,#1581,#1582));
#236=EDGE_LOOP('',(#1583,#1584,#1585,#1586));
#237=EDGE_LOOP('',(#1587,#1588,#1589,#1590));
#238=EDGE_LOOP('',(#1591,#1592,#1593,#1594));
#239=EDGE_LOOP('',(#1595,#1596,#1597,#1598));
#240=EDGE_LOOP('',(#1599,#1600,#1601,#1602));
#241=EDGE_LOOP('',(#1603,#1604,#1605,#1606));
#242=EDGE_LOOP('',(#1607,#1608,#1609,#1610));
#243=EDGE_LOOP('',(#1611,#1612,#1613,#1614));
#244=EDGE_LOOP('',(#1615,#1616,#1617,#1618));
#245=EDGE_LOOP('',(#1619,#1620,#1621,#1622));
#246=EDGE_LOOP('',(#1623,#1624,#1625,#1626));
#247=EDGE_LOOP('',(#1627,#1628,#1629,#1630,#1631,#1632,#1633,#1634,#1635,
#1636,#1637,#1638,#1639,#1640,#1641,#1642,#1643,#1644,#1645,#1646,#1647,
#1648,#1649,#1650,#1651,#1652,#1653,#1654,#1655,#1656,#1657,#1658,#1659,
#1660,#1661,#1662,#1663,#1664,#1665,#1666,#1667,#1668,#1669,#1670,#1671,
#1672,#1673,#1674,#1675,#1676,#1677,#1678,#1679,#1680,#1681,#1682,#1683,
#1684,#1685,#1686,#1687,#1688,#1689,#1690,#1691,#1692,#1693,#1694,#1695,
#1696,#1697,#1698,#1699,#1700,#1701,#1702,#1703,#1704,#1705,#1706,#1707,
#1708,#1709,#1710,#1711,#1712,#1713,#1714,#1715,#1716));
#248=EDGE_LOOP('',(#1717));
#249=EDGE_LOOP('',(#1718,#1719,#1720,#1721));
#250=LINE('',#2727,#406);
#251=LINE('',#2732,#407);
#252=LINE('',#2738,#408);
#253=LINE('',#2740,#409);
#254=LINE('',#2743,#410);
#255=LINE('',#2746,#411);
#256=LINE('',#2753,#412);
#257=LINE('',#2761,#413);
#258=LINE('',#2765,#414);
#259=LINE('',#2773,#415);
#260=LINE('',#2777,#416);
#261=LINE('',#2785,#417);
#262=LINE('',#2789,#418);
#263=LINE('',#2797,#419);
#264=LINE('',#2801,#420);
#265=LINE('',#2809,#421);
#266=LINE('',#2813,#422);
#267=LINE('',#2821,#423);
#268=LINE('',#2825,#424);
#269=LINE('',#2833,#425);
#270=LINE('',#2837,#426);
#271=LINE('',#2845,#427);
#272=LINE('',#2849,#428);
#273=LINE('',#2857,#429);
#274=LINE('',#2861,#430);
#275=LINE('',#2869,#431);
#276=LINE('',#2873,#432);
#277=LINE('',#2881,#433);
#278=LINE('',#2885,#434);
#279=LINE('',#2893,#435);
#280=LINE('',#2897,#436);
#281=LINE('',#2905,#437);
#282=LINE('',#2909,#438);
#283=LINE('',#2917,#439);
#284=LINE('',#2921,#440);
#285=LINE('',#2928,#441);
#286=LINE('',#2931,#442);
#287=LINE('',#2934,#443);
#288=LINE('',#2937,#444);
#289=LINE('',#2941,#445);
#290=LINE('',#2945,#446);
#291=LINE('',#2946,#447);
#292=LINE('',#2949,#448);
#293=LINE('',#2953,#449);
#294=LINE('',#2954,#450);
#295=LINE('',#2957,#451);
#296=LINE('',#2961,#452);
#297=LINE('',#2965,#453);
#298=LINE('',#2969,#454);
#299=LINE('',#2970,#455);
#300=LINE('',#2973,#456);
#301=LINE('',#2977,#457);
#302=LINE('',#2978,#458);
#303=LINE('',#2981,#459);
#304=LINE('',#2985,#460);
#305=LINE('',#2989,#461);
#306=LINE('',#2993,#462);
#307=LINE('',#2994,#463);
#308=LINE('',#2997,#464);
#309=LINE('',#3001,#465);
#310=LINE('',#3002,#466);
#311=LINE('',#3005,#467);
#312=LINE('',#3009,#468);
#313=LINE('',#3013,#469);
#314=LINE('',#3017,#470);
#315=LINE('',#3018,#471);
#316=LINE('',#3021,#472);
#317=LINE('',#3025,#473);
#318=LINE('',#3026,#474);
#319=LINE('',#3029,#475);
#320=LINE('',#3033,#476);
#321=LINE('',#3037,#477);
#322=LINE('',#3041,#478);
#323=LINE('',#3042,#479);
#324=LINE('',#3045,#480);
#325=LINE('',#3049,#481);
#326=LINE('',#3050,#482);
#327=LINE('',#3053,#483);
#328=LINE('',#3057,#484);
#329=LINE('',#3061,#485);
#330=LINE('',#3065,#486);
#331=LINE('',#3066,#487);
#332=LINE('',#3069,#488);
#333=LINE('',#3073,#489);
#334=LINE('',#3074,#490);
#335=LINE('',#3077,#491);
#336=LINE('',#3081,#492);
#337=LINE('',#3085,#493);
#338=LINE('',#3089,#494);
#339=LINE('',#3090,#495);
#340=LINE('',#3093,#496);
#341=LINE('',#3097,#497);
#342=LINE('',#3098,#498);
#343=LINE('',#3101,#499);
#344=LINE('',#3105,#500);
#345=LINE('',#3109,#501);
#346=LINE('',#3113,#502);
#347=LINE('',#3114,#503);
#348=LINE('',#3117,#504);
#349=LINE('',#3120,#505);
#350=LINE('',#3123,#506);
#351=LINE('',#3124,#507);
#352=LINE('',#3128,#508);
#353=LINE('',#3132,#509);
#354=LINE('',#3136,#510);
#355=LINE('',#3139,#511);
#356=LINE('',#3140,#512);
#357=LINE('',#3143,#513);
#358=LINE('',#3146,#514);
#359=LINE('',#3149,#515);
#360=LINE('',#3150,#516);
#361=LINE('',#3154,#517);
#362=LINE('',#3158,#518);
#363=LINE('',#3162,#519);
#364=LINE('',#3164,#520);
#365=LINE('',#3167,#521);
#366=LINE('',#3170,#522);
#367=LINE('',#3173,#523);
#368=LINE('',#3174,#524);
#369=LINE('',#3178,#525);
#370=LINE('',#3182,#526);
#371=LINE('',#3186,#527);
#372=LINE('',#3188,#528);
#373=LINE('',#3191,#529);
#374=LINE('',#3194,#530);
#375=LINE('',#3197,#531);
#376=LINE('',#3198,#532);
#377=LINE('',#3202,#533);
#378=LINE('',#3206,#534);
#379=LINE('',#3210,#535);
#380=LINE('',#3212,#536);
#381=LINE('',#3215,#537);
#382=LINE('',#3218,#538);
#383=LINE('',#3221,#539);
#384=LINE('',#3222,#540);
#385=LINE('',#3226,#541);
#386=LINE('',#3230,#542);
#387=LINE('',#3234,#543);
#388=LINE('',#3236,#544);
#389=LINE('',#3239,#545);
#390=LINE('',#3242,#546);
#391=LINE('',#3245,#547);
#392=LINE('',#3246,#548);
#393=LINE('',#3250,#549);
#394=LINE('',#3254,#550);
#395=LINE('',#3258,#551);
#396=LINE('',#3260,#552);
#397=LINE('',#3263,#553);
#398=LINE('',#3266,#554);
#399=LINE('',#3269,#555);
#400=LINE('',#3270,#556);
#401=LINE('',#3274,#557);
#402=LINE('',#3278,#558);
#403=LINE('',#3282,#559);
#404=LINE('',#3284,#560);
#405=LINE('',#3286,#561);
#406=VECTOR('',#2124,3.25);
#407=VECTOR('',#2129,10.);
#408=VECTOR('',#2136,10.);
#409=VECTOR('',#2137,1.65);
#410=VECTOR('',#2140,10.);
#411=VECTOR('',#2145,10.);
#412=VECTOR('',#2152,10.);
#413=VECTOR('',#2159,10.);
#414=VECTOR('',#2162,10.);
#415=VECTOR('',#2169,10.);
#416=VECTOR('',#2172,10.);
#417=VECTOR('',#2179,10.);
#418=VECTOR('',#2182,10.);
#419=VECTOR('',#2189,10.);
#420=VECTOR('',#2192,10.);
#421=VECTOR('',#2199,10.);
#422=VECTOR('',#2202,10.);
#423=VECTOR('',#2209,10.);
#424=VECTOR('',#2212,10.);
#425=VECTOR('',#2219,10.);
#426=VECTOR('',#2222,10.);
#427=VECTOR('',#2229,10.);
#428=VECTOR('',#2232,10.);
#429=VECTOR('',#2239,10.);
#430=VECTOR('',#2242,10.);
#431=VECTOR('',#2249,10.);
#432=VECTOR('',#2252,10.);
#433=VECTOR('',#2259,10.);
#434=VECTOR('',#2262,10.);
#435=VECTOR('',#2269,10.);
#436=VECTOR('',#2272,10.);
#437=VECTOR('',#2279,10.);
#438=VECTOR('',#2282,10.);
#439=VECTOR('',#2289,10.);
#440=VECTOR('',#2292,10.);
#441=VECTOR('',#2299,10.);
#442=VECTOR('',#2302,19.);
#443=VECTOR('',#2305,19.);
#444=VECTOR('',#2308,19.);
#445=VECTOR('',#2313,19.);
#446=VECTOR('',#2318,19.);
#447=VECTOR('',#2319,2.22397446254946);
#448=VECTOR('',#2322,19.);
#449=VECTOR('',#2327,19.);
#450=VECTOR('',#2328,2.22397446254946);
#451=VECTOR('',#2331,19.);
#452=VECTOR('',#2336,19.);
#453=VECTOR('',#2341,19.);
#454=VECTOR('',#2346,19.);
#455=VECTOR('',#2347,2.22397446254946);
#456=VECTOR('',#2350,19.);
#457=VECTOR('',#2355,19.);
#458=VECTOR('',#2356,2.22397446254946);
#459=VECTOR('',#2359,19.);
#460=VECTOR('',#2364,19.);
#461=VECTOR('',#2369,19.);
#462=VECTOR('',#2374,19.);
#463=VECTOR('',#2375,2.22397446254946);
#464=VECTOR('',#2378,19.);
#465=VECTOR('',#2383,19.);
#466=VECTOR('',#2384,2.22397446254946);
#467=VECTOR('',#2387,19.);
#468=VECTOR('',#2392,19.);
#469=VECTOR('',#2397,19.);
#470=VECTOR('',#2402,19.);
#471=VECTOR('',#2403,2.22397446254946);
#472=VECTOR('',#2406,19.);
#473=VECTOR('',#2411,19.);
#474=VECTOR('',#2412,2.22397446254946);
#475=VECTOR('',#2415,19.);
#476=VECTOR('',#2420,19.);
#477=VECTOR('',#2425,19.);
#478=VECTOR('',#2430,19.);
#479=VECTOR('',#2431,2.22397446254946);
#480=VECTOR('',#2434,19.);
#481=VECTOR('',#2439,19.);
#482=VECTOR('',#2440,2.22397446254946);
#483=VECTOR('',#2443,19.);
#484=VECTOR('',#2448,19.);
#485=VECTOR('',#2453,19.);
#486=VECTOR('',#2458,19.);
#487=VECTOR('',#2459,2.22397446254946);
#488=VECTOR('',#2462,19.);
#489=VECTOR('',#2467,19.);
#490=VECTOR('',#2468,2.22397446254946);
#491=VECTOR('',#2471,19.);
#492=VECTOR('',#2476,19.);
#493=VECTOR('',#2481,19.);
#494=VECTOR('',#2486,19.);
#495=VECTOR('',#2487,2.22397446254946);
#496=VECTOR('',#2490,19.);
#497=VECTOR('',#2495,19.);
#498=VECTOR('',#2496,2.22397446254946);
#499=VECTOR('',#2499,19.);
#500=VECTOR('',#2504,19.);
#501=VECTOR('',#2509,19.);
#502=VECTOR('',#2514,19.);
#503=VECTOR('',#2515,2.22397446254946);
#504=VECTOR('',#2518,19.);
#505=VECTOR('',#2521,19.);
#506=VECTOR('',#2524,2.22397446254946);
#507=VECTOR('',#2525,19.);
#508=VECTOR('',#2530,19.);
#509=VECTOR('',#2535,19.);
#510=VECTOR('',#2540,19.);
#511=VECTOR('',#2543,2.22397446254946);
#512=VECTOR('',#2544,19.);
#513=VECTOR('',#2547,19.);
#514=VECTOR('',#2550,19.);
#515=VECTOR('',#2553,2.22397446254946);
#516=VECTOR('',#2554,19.);
#517=VECTOR('',#2559,19.);
#518=VECTOR('',#2564,19.);
#519=VECTOR('',#2569,19.);
#520=VECTOR('',#2572,2.22397446254946);
#521=VECTOR('',#2575,19.);
#522=VECTOR('',#2578,19.);
#523=VECTOR('',#2581,2.22397446254946);
#524=VECTOR('',#2582,19.);
#525=VECTOR('',#2587,19.);
#526=VECTOR('',#2592,19.);
#527=VECTOR('',#2597,19.);
#528=VECTOR('',#2600,2.22397446254946);
#529=VECTOR('',#2603,19.);
#530=VECTOR('',#2606,19.);
#531=VECTOR('',#2609,2.22397446254946);
#532=VECTOR('',#2610,19.);
#533=VECTOR('',#2615,19.);
#534=VECTOR('',#2620,19.);
#535=VECTOR('',#2625,19.);
#536=VECTOR('',#2628,2.22397446254946);
#537=VECTOR('',#2631,19.);
#538=VECTOR('',#2634,19.);
#539=VECTOR('',#2637,2.22397446254946);
#540=VECTOR('',#2638,19.);
#541=VECTOR('',#2643,19.);
#542=VECTOR('',#2648,19.);
#543=VECTOR('',#2653,19.);
#544=VECTOR('',#2656,2.22397446254946);
#545=VECTOR('',#2659,19.);
#546=VECTOR('',#2662,19.);
#547=VECTOR('',#2665,2.22397446254946);
#548=VECTOR('',#2666,19.);
#549=VECTOR('',#2671,19.);
#550=VECTOR('',#2676,19.);
#551=VECTOR('',#2681,19.);
#552=VECTOR('',#2684,2.22397446254946);
#553=VECTOR('',#2687,19.);
#554=VECTOR('',#2690,19.);
#555=VECTOR('',#2693,2.22397446254946);
#556=VECTOR('',#2694,19.);
#557=VECTOR('',#2699,19.);
#558=VECTOR('',#2704,19.);
#559=VECTOR('',#2709,19.);
#560=VECTOR('',#2712,2.22397446254946);
#561=VECTOR('',#2715,2.22397446254946);
#562=CIRCLE('',#1896,3.25);
#563=CIRCLE('',#1897,3.25);
#564=CIRCLE('',#1899,1.65);
#565=CIRCLE('',#1900,1.65);
#566=CIRCLE('',#1902,1.65);
#567=CIRCLE('',#1903,1.65);
#568=CIRCLE('',#1907,9.5);
#569=CIRCLE('',#1908,0.379999999999999);
#570=CIRCLE('',#1909,11.875);
#571=CIRCLE('',#1910,0.379999999999999);
#572=CIRCLE('',#1911,9.5);
#573=CIRCLE('',#1912,0.379999999999999);
#574=CIRCLE('',#1913,11.875);
#575=CIRCLE('',#1914,0.379999999999999);
#576=CIRCLE('',#1915,9.5);
#577=CIRCLE('',#1916,0.379999999999999);
#578=CIRCLE('',#1917,11.875);
#579=CIRCLE('',#1918,0.379999999999999);
#580=CIRCLE('',#1919,9.5);
#581=CIRCLE('',#1920,0.379999999999999);
#582=CIRCLE('',#1921,11.875);
#583=CIRCLE('',#1922,0.379999999999999);
#584=CIRCLE('',#1923,9.5);
#585=CIRCLE('',#1924,0.379999999999999);
#586=CIRCLE('',#1925,11.875);
#587=CIRCLE('',#1926,0.379999999999999);
#588=CIRCLE('',#1927,9.5);
#589=CIRCLE('',#1928,0.379999999999999);
#590=CIRCLE('',#1929,11.875);
#591=CIRCLE('',#1930,0.379999999999999);
#592=CIRCLE('',#1931,9.5);
#593=CIRCLE('',#1932,0.379999999999999);
#594=CIRCLE('',#1933,11.875);
#595=CIRCLE('',#1934,0.379999999999999);
#596=CIRCLE('',#1935,9.5);
#597=CIRCLE('',#1936,0.379999999999999);
#598=CIRCLE('',#1937,11.875);
#599=CIRCLE('',#1938,0.379999999999999);
#600=CIRCLE('',#1939,9.5);
#601=CIRCLE('',#1940,0.379999999999999);
#602=CIRCLE('',#1941,11.875);
#603=CIRCLE('',#1942,0.379999999999999);
#604=CIRCLE('',#1943,9.5);
#605=CIRCLE('',#1944,0.379999999999999);
#606=CIRCLE('',#1945,11.875);
#607=CIRCLE('',#1946,0.379999999999999);
#608=CIRCLE('',#1947,9.5);
#609=CIRCLE('',#1948,0.379999999999999);
#610=CIRCLE('',#1949,11.875);
#611=CIRCLE('',#1950,0.379999999999999);
#612=CIRCLE('',#1951,9.5);
#613=CIRCLE('',#1952,0.379999999999999);
#614=CIRCLE('',#1953,11.875);
#615=CIRCLE('',#1954,0.379999999999999);
#616=CIRCLE('',#1955,9.5);
#617=CIRCLE('',#1956,0.379999999999999);
#618=CIRCLE('',#1957,11.875);
#619=CIRCLE('',#1958,0.379999999999999);
#620=CIRCLE('',#1959,9.5);
#621=CIRCLE('',#1960,0.379999999999999);
#622=CIRCLE('',#1961,11.875);
#623=CIRCLE('',#1962,0.379999999999999);
#624=CIRCLE('',#1963,9.5);
#625=CIRCLE('',#1964,0.379999999999999);
#626=CIRCLE('',#1965,11.875);
#627=CIRCLE('',#1966,0.379999999999999);
#628=CIRCLE('',#1968,0.379999999999999);
#629=CIRCLE('',#1970,11.875);
#630=CIRCLE('',#1972,0.379999999999999);
#631=CIRCLE('',#1975,9.5);
#632=CIRCLE('',#1978,0.379999999999999);
#633=CIRCLE('',#1980,11.875);
#634=CIRCLE('',#1982,0.379999999999999);
#635=CIRCLE('',#1985,9.5);
#636=CIRCLE('',#1988,0.379999999999999);
#637=CIRCLE('',#1990,11.875);
#638=CIRCLE('',#1992,0.379999999999999);
#639=CIRCLE('',#1995,9.5);
#640=CIRCLE('',#1998,0.379999999999999);
#641=CIRCLE('',#2000,11.875);
#642=CIRCLE('',#2002,0.379999999999999);
#643=CIRCLE('',#2005,9.5);
#644=CIRCLE('',#2008,0.379999999999999);
#645=CIRCLE('',#2010,11.875);
#646=CIRCLE('',#2012,0.379999999999999);
#647=CIRCLE('',#2015,9.5);
#648=CIRCLE('',#2018,0.379999999999999);
#649=CIRCLE('',#2020,11.875);
#650=CIRCLE('',#2022,0.379999999999999);
#651=CIRCLE('',#2025,9.5);
#652=CIRCLE('',#2028,0.379999999999999);
#653=CIRCLE('',#2030,11.875);
#654=CIRCLE('',#2032,0.379999999999999);
#655=CIRCLE('',#2035,9.5);
#656=CIRCLE('',#2038,0.379999999999999);
#657=CIRCLE('',#2040,11.875);
#658=CIRCLE('',#2042,0.379999999999999);
#659=CIRCLE('',#2045,9.5);
#660=CIRCLE('',#2048,0.379999999999999);
#661=CIRCLE('',#2050,11.875);
#662=CIRCLE('',#2052,0.379999999999999);
#663=CIRCLE('',#2055,9.5);
#664=CIRCLE('',#2058,0.379999999999999);
#665=CIRCLE('',#2060,11.875);
#666=CIRCLE('',#2062,0.379999999999999);
#667=CIRCLE('',#2065,9.5);
#668=CIRCLE('',#2068,0.379999999999999);
#669=CIRCLE('',#2070,11.875);
#670=CIRCLE('',#2072,0.379999999999999);
#671=CIRCLE('',#2075,9.5);
#672=CIRCLE('',#2078,0.379999999999999);
#673=CIRCLE('',#2080,11.875);
#674=CIRCLE('',#2082,0.379999999999999);
#675=CIRCLE('',#2085,9.5);
#676=CIRCLE('',#2088,0.379999999999999);
#677=CIRCLE('',#2090,11.875);
#678=CIRCLE('',#2092,0.379999999999999);
#679=CIRCLE('',#2095,9.5);
#680=CIRCLE('',#2098,0.379999999999999);
#681=CIRCLE('',#2100,11.875);
#682=CIRCLE('',#2102,0.379999999999999);
#683=CIRCLE('',#2105,9.5);
#684=CIRCLE('',#2108,0.379999999999999);
#685=CIRCLE('',#2110,11.875);
#686=CIRCLE('',#2112,0.379999999999999);
#687=CIRCLE('',#2116,9.5);
#688=VERTEX_POINT('',#2724);
#689=VERTEX_POINT('',#2726);
#690=VERTEX_POINT('',#2730);
#691=VERTEX_POINT('',#2731);
#692=VERTEX_POINT('',#2733);
#693=VERTEX_POINT('',#2737);
#694=VERTEX_POINT('',#2739);
#695=VERTEX_POINT('',#2742);
#696=VERTEX_POINT('',#2749);
#697=VERTEX_POINT('',#2750);
#698=VERTEX_POINT('',#2752);
#699=VERTEX_POINT('',#2754);
#700=VERTEX_POINT('',#2756);
#701=VERTEX_POINT('',#2758);
#702=VERTEX_POINT('',#2760);
#703=VERTEX_POINT('',#2762);
#704=VERTEX_POINT('',#2764);
#705=VERTEX_POINT('',#2766);
#706=VERTEX_POINT('',#2768);
#707=VERTEX_POINT('',#2770);
#708=VERTEX_POINT('',#2772);
#709=VERTEX_POINT('',#2774);
#710=VERTEX_POINT('',#2776);
#711=VERTEX_POINT('',#2778);
#712=VERTEX_POINT('',#2780);
#713=VERTEX_POINT('',#2782);
#714=VERTEX_POINT('',#2784);
#715=VERTEX_POINT('',#2786);
#716=VERTEX_POINT('',#2788);
#717=VERTEX_POINT('',#2790);
#718=VERTEX_POINT('',#2792);
#719=VERTEX_POINT('',#2794);
#720=VERTEX_POINT('',#2796);
#721=VERTEX_POINT('',#2798);
#722=VERTEX_POINT('',#2800);
#723=VERTEX_POINT('',#2802);
#724=VERTEX_POINT('',#2804);
#725=VERTEX_POINT('',#2806);
#726=VERTEX_POINT('',#2808);
#727=VERTEX_POINT('',#2810);
#728=VERTEX_POINT('',#2812);
#729=VERTEX_POINT('',#2814);
#730=VERTEX_POINT('',#2816);
#731=VERTEX_POINT('',#2818);
#732=VERTEX_POINT('',#2820);
#733=VERTEX_POINT('',#2822);
#734=VERTEX_POINT('',#2824);
#735=VERTEX_POINT('',#2826);
#736=VERTEX_POINT('',#2828);
#737=VERTEX_POINT('',#2830);
#738=VERTEX_POINT('',#2832);
#739=VERTEX_POINT('',#2834);
#740=VERTEX_POINT('',#2836);
#741=VERTEX_POINT('',#2838);
#742=VERTEX_POINT('',#2840);
#743=VERTEX_POINT('',#2842);
#744=VERTEX_POINT('',#2844);
#745=VERTEX_POINT('',#2846);
#746=VERTEX_POINT('',#2848);
#747=VERTEX_POINT('',#2850);
#748=VERTEX_POINT('',#2852);
#749=VERTEX_POINT('',#2854);
#750=VERTEX_POINT('',#2856);
#751=VERTEX_POINT('',#2858);
#752=VERTEX_POINT('',#2860);
#753=VERTEX_POINT('',#2862);
#754=VERTEX_POINT('',#2864);
#755=VERTEX_POINT('',#2866);
#756=VERTEX_POINT('',#2868);
#757=VERTEX_POINT('',#2870);
#758=VERTEX_POINT('',#2872);
#759=VERTEX_POINT('',#2874);
#760=VERTEX_POINT('',#2876);
#761=VERTEX_POINT('',#2878);
#762=VERTEX_POINT('',#2880);
#763=VERTEX_POINT('',#2882);
#764=VERTEX_POINT('',#2884);
#765=VERTEX_POINT('',#2886);
#766=VERTEX_POINT('',#2888);
#767=VERTEX_POINT('',#2890);
#768=VERTEX_POINT('',#2892);
#769=VERTEX_POINT('',#2894);
#770=VERTEX_POINT('',#2896);
#771=VERTEX_POINT('',#2898);
#772=VERTEX_POINT('',#2900);
#773=VERTEX_POINT('',#2902);
#774=VERTEX_POINT('',#2904);
#775=VERTEX_POINT('',#2906);
#776=VERTEX_POINT('',#2908);
#777=VERTEX_POINT('',#2910);
#778=VERTEX_POINT('',#2912);
#779=VERTEX_POINT('',#2914);
#780=VERTEX_POINT('',#2916);
#781=VERTEX_POINT('',#2918);
#782=VERTEX_POINT('',#2920);
#783=VERTEX_POINT('',#2922);
#784=VERTEX_POINT('',#2924);
#785=VERTEX_POINT('',#2926);
#786=VERTEX_POINT('',#2930);
#787=VERTEX_POINT('',#2932);
#788=VERTEX_POINT('',#2936);
#789=VERTEX_POINT('',#2940);
#790=VERTEX_POINT('',#2944);
#791=VERTEX_POINT('',#2948);
#792=VERTEX_POINT('',#2952);
#793=VERTEX_POINT('',#2956);
#794=VERTEX_POINT('',#2960);
#795=VERTEX_POINT('',#2964);
#796=VERTEX_POINT('',#2968);
#797=VERTEX_POINT('',#2972);
#798=VERTEX_POINT('',#2976);
#799=VERTEX_POINT('',#2980);
#800=VERTEX_POINT('',#2984);
#801=VERTEX_POINT('',#2988);
#802=VERTEX_POINT('',#2992);
#803=VERTEX_POINT('',#2996);
#804=VERTEX_POINT('',#3000);
#805=VERTEX_POINT('',#3004);
#806=VERTEX_POINT('',#3008);
#807=VERTEX_POINT('',#3012);
#808=VERTEX_POINT('',#3016);
#809=VERTEX_POINT('',#3020);
#810=VERTEX_POINT('',#3024);
#811=VERTEX_POINT('',#3028);
#812=VERTEX_POINT('',#3032);
#813=VERTEX_POINT('',#3036);
#814=VERTEX_POINT('',#3040);
#815=VERTEX_POINT('',#3044);
#816=VERTEX_POINT('',#3048);
#817=VERTEX_POINT('',#3052);
#818=VERTEX_POINT('',#3056);
#819=VERTEX_POINT('',#3060);
#820=VERTEX_POINT('',#3064);
#821=VERTEX_POINT('',#3068);
#822=VERTEX_POINT('',#3072);
#823=VERTEX_POINT('',#3076);
#824=VERTEX_POINT('',#3080);
#825=VERTEX_POINT('',#3084);
#826=VERTEX_POINT('',#3088);
#827=VERTEX_POINT('',#3092);
#828=VERTEX_POINT('',#3096);
#829=VERTEX_POINT('',#3100);
#830=VERTEX_POINT('',#3104);
#831=VERTEX_POINT('',#3108);
#832=VERTEX_POINT('',#3112);
#833=VERTEX_POINT('',#3116);
#834=VERTEX_POINT('',#3118);
#835=VERTEX_POINT('',#3122);
#836=VERTEX_POINT('',#3126);
#837=VERTEX_POINT('',#3130);
#838=VERTEX_POINT('',#3134);
#839=VERTEX_POINT('',#3138);
#840=VERTEX_POINT('',#3142);
#841=VERTEX_POINT('',#3144);
#842=VERTEX_POINT('',#3148);
#843=VERTEX_POINT('',#3152);
#844=VERTEX_POINT('',#3156);
#845=VERTEX_POINT('',#3160);
#846=VERTEX_POINT('',#3166);
#847=VERTEX_POINT('',#3168);
#848=VERTEX_POINT('',#3172);
#849=VERTEX_POINT('',#3176);
#850=VERTEX_POINT('',#3180);
#851=VERTEX_POINT('',#3184);
#852=VERTEX_POINT('',#3190);
#853=VERTEX_POINT('',#3192);
#854=VERTEX_POINT('',#3196);
#855=VERTEX_POINT('',#3200);
#856=VERTEX_POINT('',#3204);
#857=VERTEX_POINT('',#3208);
#858=VERTEX_POINT('',#3214);
#859=VERTEX_POINT('',#3216);
#860=VERTEX_POINT('',#3220);
#861=VERTEX_POINT('',#3224);
#862=VERTEX_POINT('',#3228);
#863=VERTEX_POINT('',#3232);
#864=VERTEX_POINT('',#3238);
#865=VERTEX_POINT('',#3240);
#866=VERTEX_POINT('',#3244);
#867=VERTEX_POINT('',#3248);
#868=VERTEX_POINT('',#3252);
#869=VERTEX_POINT('',#3256);
#870=VERTEX_POINT('',#3262);
#871=VERTEX_POINT('',#3264);
#872=VERTEX_POINT('',#3268);
#873=VERTEX_POINT('',#3272);
#874=VERTEX_POINT('',#3276);
#875=VERTEX_POINT('',#3280);
#876=EDGE_CURVE('',#688,#688,#562,.T.);
#877=EDGE_CURVE('',#688,#689,#250,.T.);
#878=EDGE_CURVE('',#689,#689,#563,.T.);
#879=EDGE_CURVE('',#690,#691,#251,.T.);
#880=EDGE_CURVE('',#691,#692,#564,.T.);
#881=EDGE_CURVE('',#692,#690,#565,.T.);
#882=EDGE_CURVE('',#690,#693,#252,.T.);
#883=EDGE_CURVE('',#692,#694,#253,.T.);
#884=EDGE_CURVE('',#694,#694,#566,.T.);
#885=EDGE_CURVE('',#695,#691,#254,.T.);
#886=EDGE_CURVE('',#695,#693,#567,.T.);
#887=EDGE_CURVE('',#693,#695,#255,.T.);
#888=EDGE_CURVE('',#696,#697,#568,.T.);
#889=EDGE_CURVE('',#698,#696,#256,.T.);
#890=EDGE_CURVE('',#699,#698,#569,.T.);
#891=EDGE_CURVE('',#700,#699,#570,.T.);
#892=EDGE_CURVE('',#701,#700,#571,.T.);
#893=EDGE_CURVE('',#702,#701,#257,.T.);
#894=EDGE_CURVE('',#703,#702,#572,.T.);
#895=EDGE_CURVE('',#704,#703,#258,.T.);
#896=EDGE_CURVE('',#705,#704,#573,.T.);
#897=EDGE_CURVE('',#706,#705,#574,.T.);
#898=EDGE_CURVE('',#707,#706,#575,.T.);
#899=EDGE_CURVE('',#708,#707,#259,.T.);
#900=EDGE_CURVE('',#709,#708,#576,.T.);
#901=EDGE_CURVE('',#710,#709,#260,.T.);
#902=EDGE_CURVE('',#711,#710,#577,.T.);
#903=EDGE_CURVE('',#712,#711,#578,.T.);
#904=EDGE_CURVE('',#713,#712,#579,.T.);
#905=EDGE_CURVE('',#714,#713,#261,.T.);
#906=EDGE_CURVE('',#715,#714,#580,.T.);
#907=EDGE_CURVE('',#716,#715,#262,.T.);
#908=EDGE_CURVE('',#717,#716,#581,.T.);
#909=EDGE_CURVE('',#718,#717,#582,.T.);
#910=EDGE_CURVE('',#719,#718,#583,.T.);
#911=EDGE_CURVE('',#720,#719,#263,.T.);
#912=EDGE_CURVE('',#721,#720,#584,.T.);
#913=EDGE_CURVE('',#722,#721,#264,.T.);
#914=EDGE_CURVE('',#723,#722,#585,.T.);
#915=EDGE_CURVE('',#724,#723,#586,.T.);
#916=EDGE_CURVE('',#725,#724,#587,.T.);
#917=EDGE_CURVE('',#726,#725,#265,.T.);
#918=EDGE_CURVE('',#727,#726,#588,.T.);
#919=EDGE_CURVE('',#728,#727,#266,.T.);
#920=EDGE_CURVE('',#729,#728,#589,.T.);
#921=EDGE_CURVE('',#730,#729,#590,.T.);
#922=EDGE_CURVE('',#731,#730,#591,.T.);
#923=EDGE_CURVE('',#732,#731,#267,.T.);
#924=EDGE_CURVE('',#733,#732,#592,.T.);
#925=EDGE_CURVE('',#734,#733,#268,.T.);
#926=EDGE_CURVE('',#735,#734,#593,.T.);
#927=EDGE_CURVE('',#736,#735,#594,.T.);
#928=EDGE_CURVE('',#737,#736,#595,.T.);
#929=EDGE_CURVE('',#738,#737,#269,.T.);
#930=EDGE_CURVE('',#739,#738,#596,.T.);
#931=EDGE_CURVE('',#740,#739,#270,.T.);
#932=EDGE_CURVE('',#741,#740,#597,.T.);
#933=EDGE_CURVE('',#742,#741,#598,.T.);
#934=EDGE_CURVE('',#743,#742,#599,.T.);
#935=EDGE_CURVE('',#744,#743,#271,.T.);
#936=EDGE_CURVE('',#745,#744,#600,.T.);
#937=EDGE_CURVE('',#746,#745,#272,.T.);
#938=EDGE_CURVE('',#747,#746,#601,.T.);
#939=EDGE_CURVE('',#748,#747,#602,.T.);
#940=EDGE_CURVE('',#749,#748,#603,.T.);
#941=EDGE_CURVE('',#750,#749,#273,.T.);
#942=EDGE_CURVE('',#751,#750,#604,.T.);
#943=EDGE_CURVE('',#752,#751,#274,.T.);
#944=EDGE_CURVE('',#753,#752,#605,.T.);
#945=EDGE_CURVE('',#754,#753,#606,.T.);
#946=EDGE_CURVE('',#755,#754,#607,.T.);
#947=EDGE_CURVE('',#756,#755,#275,.T.);
#948=EDGE_CURVE('',#757,#756,#608,.T.);
#949=EDGE_CURVE('',#758,#757,#276,.T.);
#950=EDGE_CURVE('',#759,#758,#609,.T.);
#951=EDGE_CURVE('',#760,#759,#610,.T.);
#952=EDGE_CURVE('',#761,#760,#611,.T.);
#953=EDGE_CURVE('',#762,#761,#277,.T.);
#954=EDGE_CURVE('',#763,#762,#612,.T.);
#955=EDGE_CURVE('',#764,#763,#278,.T.);
#956=EDGE_CURVE('',#765,#764,#613,.T.);
#957=EDGE_CURVE('',#766,#765,#614,.T.);
#958=EDGE_CURVE('',#767,#766,#615,.T.);
#959=EDGE_CURVE('',#768,#767,#279,.T.);
#960=EDGE_CURVE('',#769,#768,#616,.T.);
#961=EDGE_CURVE('',#770,#769,#280,.T.);
#962=EDGE_CURVE('',#771,#770,#617,.T.);
#963=EDGE_CURVE('',#772,#771,#618,.T.);
#964=EDGE_CURVE('',#773,#772,#619,.T.);
#965=EDGE_CURVE('',#774,#773,#281,.T.);
#966=EDGE_CURVE('',#775,#774,#620,.T.);
#967=EDGE_CURVE('',#776,#775,#282,.T.);
#968=EDGE_CURVE('',#777,#776,#621,.T.);
#969=EDGE_CURVE('',#778,#777,#622,.T.);
#970=EDGE_CURVE('',#779,#778,#623,.T.);
#971=EDGE_CURVE('',#780,#779,#283,.T.);
#972=EDGE_CURVE('',#781,#780,#624,.T.);
#973=EDGE_CURVE('',#782,#781,#284,.T.);
#974=EDGE_CURVE('',#783,#782,#625,.T.);
#975=EDGE_CURVE('',#784,#783,#626,.T.);
#976=EDGE_CURVE('',#785,#784,#627,.T.);
#977=EDGE_CURVE('',#697,#785,#285,.T.);
#978=EDGE_CURVE('',#742,#786,#286,.T.);
#979=EDGE_CURVE('',#787,#786,#628,.T.);
#980=EDGE_CURVE('',#743,#787,#287,.T.);
#981=EDGE_CURVE('',#741,#788,#288,.T.);
#982=EDGE_CURVE('',#786,#788,#629,.T.);
#983=EDGE_CURVE('',#740,#789,#289,.T.);
#984=EDGE_CURVE('',#788,#789,#630,.T.);
#985=EDGE_CURVE('',#739,#790,#290,.T.);
#986=EDGE_CURVE('',#789,#790,#291,.T.);
#987=EDGE_CURVE('',#738,#791,#292,.T.);
#988=EDGE_CURVE('',#790,#791,#631,.T.);
#989=EDGE_CURVE('',#737,#792,#293,.T.);
#990=EDGE_CURVE('',#791,#792,#294,.T.);
#991=EDGE_CURVE('',#736,#793,#295,.T.);
#992=EDGE_CURVE('',#792,#793,#632,.T.);
#993=EDGE_CURVE('',#735,#794,#296,.T.);
#994=EDGE_CURVE('',#793,#794,#633,.T.);
#995=EDGE_CURVE('',#734,#795,#297,.T.);
#996=EDGE_CURVE('',#794,#795,#634,.T.);
#997=EDGE_CURVE('',#733,#796,#298,.T.);
#998=EDGE_CURVE('',#795,#796,#299,.T.);
#999=EDGE_CURVE('',#732,#797,#300,.T.);
#1000=EDGE_CURVE('',#796,#797,#635,.T.);
#1001=EDGE_CURVE('',#731,#798,#301,.T.);
#1002=EDGE_CURVE('',#797,#798,#302,.T.);
#1003=EDGE_CURVE('',#730,#799,#303,.T.);
#1004=EDGE_CURVE('',#798,#799,#636,.T.);
#1005=EDGE_CURVE('',#729,#800,#304,.T.);
#1006=EDGE_CURVE('',#799,#800,#637,.T.);
#1007=EDGE_CURVE('',#728,#801,#305,.T.);
#1008=EDGE_CURVE('',#800,#801,#638,.T.);
#1009=EDGE_CURVE('',#727,#802,#306,.T.);
#1010=EDGE_CURVE('',#801,#802,#307,.T.);
#1011=EDGE_CURVE('',#726,#803,#308,.T.);
#1012=EDGE_CURVE('',#802,#803,#639,.T.);
#1013=EDGE_CURVE('',#725,#804,#309,.T.);
#1014=EDGE_CURVE('',#803,#804,#310,.T.);
#1015=EDGE_CURVE('',#724,#805,#311,.T.);
#1016=EDGE_CURVE('',#804,#805,#640,.T.);
#1017=EDGE_CURVE('',#723,#806,#312,.T.);
#1018=EDGE_CURVE('',#805,#806,#641,.T.);
#1019=EDGE_CURVE('',#722,#807,#313,.T.);
#1020=EDGE_CURVE('',#806,#807,#642,.T.);
#1021=EDGE_CURVE('',#721,#808,#314,.T.);
#1022=EDGE_CURVE('',#807,#808,#315,.T.);
#1023=EDGE_CURVE('',#720,#809,#316,.T.);
#1024=EDGE_CURVE('',#808,#809,#643,.T.);
#1025=EDGE_CURVE('',#719,#810,#317,.T.);
#1026=EDGE_CURVE('',#809,#810,#318,.T.);
#1027=EDGE_CURVE('',#718,#811,#319,.T.);
#1028=EDGE_CURVE('',#810,#811,#644,.T.);
#1029=EDGE_CURVE('',#717,#812,#320,.T.);
#1030=EDGE_CURVE('',#811,#812,#645,.T.);
#1031=EDGE_CURVE('',#716,#813,#321,.T.);
#1032=EDGE_CURVE('',#812,#813,#646,.T.);
#1033=EDGE_CURVE('',#715,#814,#322,.T.);
#1034=EDGE_CURVE('',#813,#814,#323,.T.);
#1035=EDGE_CURVE('',#714,#815,#324,.T.);
#1036=EDGE_CURVE('',#814,#815,#647,.T.);
#1037=EDGE_CURVE('',#713,#816,#325,.T.);
#1038=EDGE_CURVE('',#815,#816,#326,.T.);
#1039=EDGE_CURVE('',#712,#817,#327,.T.);
#1040=EDGE_CURVE('',#816,#817,#648,.T.);
#1041=EDGE_CURVE('',#711,#818,#328,.T.);
#1042=EDGE_CURVE('',#817,#818,#649,.T.);
#1043=EDGE_CURVE('',#710,#819,#329,.T.);
#1044=EDGE_CURVE('',#818,#819,#650,.T.);
#1045=EDGE_CURVE('',#709,#820,#330,.T.);
#1046=EDGE_CURVE('',#819,#820,#331,.T.);
#1047=EDGE_CURVE('',#708,#821,#332,.T.);
#1048=EDGE_CURVE('',#820,#821,#651,.T.);
#1049=EDGE_CURVE('',#707,#822,#333,.T.);
#1050=EDGE_CURVE('',#821,#822,#334,.T.);
#1051=EDGE_CURVE('',#706,#823,#335,.T.);
#1052=EDGE_CURVE('',#822,#823,#652,.T.);
#1053=EDGE_CURVE('',#705,#824,#336,.T.);
#1054=EDGE_CURVE('',#823,#824,#653,.T.);
#1055=EDGE_CURVE('',#704,#825,#337,.T.);
#1056=EDGE_CURVE('',#824,#825,#654,.T.);
#1057=EDGE_CURVE('',#703,#826,#338,.T.);
#1058=EDGE_CURVE('',#825,#826,#339,.T.);
#1059=EDGE_CURVE('',#702,#827,#340,.T.);
#1060=EDGE_CURVE('',#826,#827,#655,.T.);
#1061=EDGE_CURVE('',#701,#828,#341,.T.);
#1062=EDGE_CURVE('',#827,#828,#342,.T.);
#1063=EDGE_CURVE('',#700,#829,#343,.T.);
#1064=EDGE_CURVE('',#828,#829,#656,.T.);
#1065=EDGE_CURVE('',#699,#830,#344,.T.);
#1066=EDGE_CURVE('',#829,#830,#657,.T.);
#1067=EDGE_CURVE('',#698,#831,#345,.T.);
#1068=EDGE_CURVE('',#830,#831,#658,.T.);
#1069=EDGE_CURVE('',#696,#832,#346,.T.);
#1070=EDGE_CURVE('',#831,#832,#347,.T.);
#1071=EDGE_CURVE('',#780,#833,#348,.T.);
#1072=EDGE_CURVE('',#834,#833,#659,.T.);
#1073=EDGE_CURVE('',#781,#834,#349,.T.);
#1074=EDGE_CURVE('',#835,#834,#350,.T.);
#1075=EDGE_CURVE('',#782,#835,#351,.T.);
#1076=EDGE_CURVE('',#836,#835,#660,.T.);
#1077=EDGE_CURVE('',#783,#836,#352,.T.);
#1078=EDGE_CURVE('',#837,#836,#661,.T.);
#1079=EDGE_CURVE('',#784,#837,#353,.T.);
#1080=EDGE_CURVE('',#838,#837,#662,.T.);
#1081=EDGE_CURVE('',#785,#838,#354,.T.);
#1082=EDGE_CURVE('',#839,#838,#355,.T.);
#1083=EDGE_CURVE('',#697,#839,#356,.T.);
#1084=EDGE_CURVE('',#774,#840,#357,.T.);
#1085=EDGE_CURVE('',#841,#840,#663,.T.);
#1086=EDGE_CURVE('',#775,#841,#358,.T.);
#1087=EDGE_CURVE('',#842,#841,#359,.T.);
#1088=EDGE_CURVE('',#776,#842,#360,.T.);
#1089=EDGE_CURVE('',#843,#842,#664,.T.);
#1090=EDGE_CURVE('',#777,#843,#361,.T.);
#1091=EDGE_CURVE('',#844,#843,#665,.T.);
#1092=EDGE_CURVE('',#778,#844,#362,.T.);
#1093=EDGE_CURVE('',#845,#844,#666,.T.);
#1094=EDGE_CURVE('',#779,#845,#363,.T.);
#1095=EDGE_CURVE('',#833,#845,#364,.T.);
#1096=EDGE_CURVE('',#768,#846,#365,.T.);
#1097=EDGE_CURVE('',#847,#846,#667,.T.);
#1098=EDGE_CURVE('',#769,#847,#366,.T.);
#1099=EDGE_CURVE('',#848,#847,#367,.T.);
#1100=EDGE_CURVE('',#770,#848,#368,.T.);
#1101=EDGE_CURVE('',#849,#848,#668,.T.);
#1102=EDGE_CURVE('',#771,#849,#369,.T.);
#1103=EDGE_CURVE('',#850,#849,#669,.T.);
#1104=EDGE_CURVE('',#772,#850,#370,.T.);
#1105=EDGE_CURVE('',#851,#850,#670,.T.);
#1106=EDGE_CURVE('',#773,#851,#371,.T.);
#1107=EDGE_CURVE('',#840,#851,#372,.T.);
#1108=EDGE_CURVE('',#762,#852,#373,.T.);
#1109=EDGE_CURVE('',#853,#852,#671,.T.);
#1110=EDGE_CURVE('',#763,#853,#374,.T.);
#1111=EDGE_CURVE('',#854,#853,#375,.T.);
#1112=EDGE_CURVE('',#764,#854,#376,.T.);
#1113=EDGE_CURVE('',#855,#854,#672,.T.);
#1114=EDGE_CURVE('',#765,#855,#377,.T.);
#1115=EDGE_CURVE('',#856,#855,#673,.T.);
#1116=EDGE_CURVE('',#766,#856,#378,.T.);
#1117=EDGE_CURVE('',#857,#856,#674,.T.);
#1118=EDGE_CURVE('',#767,#857,#379,.T.);
#1119=EDGE_CURVE('',#846,#857,#380,.T.);
#1120=EDGE_CURVE('',#756,#858,#381,.T.);
#1121=EDGE_CURVE('',#859,#858,#675,.T.);
#1122=EDGE_CURVE('',#757,#859,#382,.T.);
#1123=EDGE_CURVE('',#860,#859,#383,.T.);
#1124=EDGE_CURVE('',#758,#860,#384,.T.);
#1125=EDGE_CURVE('',#861,#860,#676,.T.);
#1126=EDGE_CURVE('',#759,#861,#385,.T.);
#1127=EDGE_CURVE('',#862,#861,#677,.T.);
#1128=EDGE_CURVE('',#760,#862,#386,.T.);
#1129=EDGE_CURVE('',#863,#862,#678,.T.);
#1130=EDGE_CURVE('',#761,#863,#387,.T.);
#1131=EDGE_CURVE('',#852,#863,#388,.T.);
#1132=EDGE_CURVE('',#750,#864,#389,.T.);
#1133=EDGE_CURVE('',#865,#864,#679,.T.);
#1134=EDGE_CURVE('',#751,#865,#390,.T.);
#1135=EDGE_CURVE('',#866,#865,#391,.T.);
#1136=EDGE_CURVE('',#752,#866,#392,.T.);
#1137=EDGE_CURVE('',#867,#866,#680,.T.);
#1138=EDGE_CURVE('',#753,#867,#393,.T.);
#1139=EDGE_CURVE('',#868,#867,#681,.T.);
#1140=EDGE_CURVE('',#754,#868,#394,.T.);
#1141=EDGE_CURVE('',#869,#868,#682,.T.);
#1142=EDGE_CURVE('',#755,#869,#395,.T.);
#1143=EDGE_CURVE('',#858,#869,#396,.T.);
#1144=EDGE_CURVE('',#744,#870,#397,.T.);
#1145=EDGE_CURVE('',#871,#870,#683,.T.);
#1146=EDGE_CURVE('',#745,#871,#398,.T.);
#1147=EDGE_CURVE('',#872,#871,#399,.T.);
#1148=EDGE_CURVE('',#746,#872,#400,.T.);
#1149=EDGE_CURVE('',#873,#872,#684,.T.);
#1150=EDGE_CURVE('',#747,#873,#401,.T.);
#1151=EDGE_CURVE('',#874,#873,#685,.T.);
#1152=EDGE_CURVE('',#748,#874,#402,.T.);
#1153=EDGE_CURVE('',#875,#874,#686,.T.);
#1154=EDGE_CURVE('',#749,#875,#403,.T.);
#1155=EDGE_CURVE('',#864,#875,#404,.T.);
#1156=EDGE_CURVE('',#870,#787,#405,.T.);
#1157=EDGE_CURVE('',#832,#839,#687,.T.);
#1158=ORIENTED_EDGE('',*,*,#876,.F.);
#1159=ORIENTED_EDGE('',*,*,#877,.T.);
#1160=ORIENTED_EDGE('',*,*,#878,.T.);
#1161=ORIENTED_EDGE('',*,*,#877,.F.);
#1162=ORIENTED_EDGE('',*,*,#876,.T.);
#1163=ORIENTED_EDGE('',*,*,#879,.T.);
#1164=ORIENTED_EDGE('',*,*,#880,.T.);
#1165=ORIENTED_EDGE('',*,*,#881,.T.);
#1166=ORIENTED_EDGE('',*,*,#882,.F.);
#1167=ORIENTED_EDGE('',*,*,#881,.F.);
#1168=ORIENTED_EDGE('',*,*,#883,.T.);
#1169=ORIENTED_EDGE('',*,*,#884,.T.);
#1170=ORIENTED_EDGE('',*,*,#883,.F.);
#1171=ORIENTED_EDGE('',*,*,#880,.F.);
#1172=ORIENTED_EDGE('',*,*,#885,.F.);
#1173=ORIENTED_EDGE('',*,*,#886,.T.);
#1174=ORIENTED_EDGE('',*,*,#887,.T.);
#1175=ORIENTED_EDGE('',*,*,#885,.T.);
#1176=ORIENTED_EDGE('',*,*,#879,.F.);
#1177=ORIENTED_EDGE('',*,*,#882,.T.);
#1178=ORIENTED_EDGE('',*,*,#887,.F.);
#1179=ORIENTED_EDGE('',*,*,#886,.F.);
#1180=ORIENTED_EDGE('',*,*,#888,.F.);
#1181=ORIENTED_EDGE('',*,*,#889,.F.);
#1182=ORIENTED_EDGE('',*,*,#890,.F.);
#1183=ORIENTED_EDGE('',*,*,#891,.F.);
#1184=ORIENTED_EDGE('',*,*,#892,.F.);
#1185=ORIENTED_EDGE('',*,*,#893,.F.);
#1186=ORIENTED_EDGE('',*,*,#894,.F.);
#1187=ORIENTED_EDGE('',*,*,#895,.F.);
#1188=ORIENTED_EDGE('',*,*,#896,.F.);
#1189=ORIENTED_EDGE('',*,*,#897,.F.);
#1190=ORIENTED_EDGE('',*,*,#898,.F.);
#1191=ORIENTED_EDGE('',*,*,#899,.F.);
#1192=ORIENTED_EDGE('',*,*,#900,.F.);
#1193=ORIENTED_EDGE('',*,*,#901,.F.);
#1194=ORIENTED_EDGE('',*,*,#902,.F.);
#1195=ORIENTED_EDGE('',*,*,#903,.F.);
#1196=ORIENTED_EDGE('',*,*,#904,.F.);
#1197=ORIENTED_EDGE('',*,*,#905,.F.);
#1198=ORIENTED_EDGE('',*,*,#906,.F.);
#1199=ORIENTED_EDGE('',*,*,#907,.F.);
#1200=ORIENTED_EDGE('',*,*,#908,.F.);
#1201=ORIENTED_EDGE('',*,*,#909,.F.);
#1202=ORIENTED_EDGE('',*,*,#910,.F.);
#1203=ORIENTED_EDGE('',*,*,#911,.F.);
#1204=ORIENTED_EDGE('',*,*,#912,.F.);
#1205=ORIENTED_EDGE('',*,*,#913,.F.);
#1206=ORIENTED_EDGE('',*,*,#914,.F.);
#1207=ORIENTED_EDGE('',*,*,#915,.F.);
#1208=ORIENTED_EDGE('',*,*,#916,.F.);
#1209=ORIENTED_EDGE('',*,*,#917,.F.);
#1210=ORIENTED_EDGE('',*,*,#918,.F.);
#1211=ORIENTED_EDGE('',*,*,#919,.F.);
#1212=ORIENTED_EDGE('',*,*,#920,.F.);
#1213=ORIENTED_EDGE('',*,*,#921,.F.);
#1214=ORIENTED_EDGE('',*,*,#922,.F.);
#1215=ORIENTED_EDGE('',*,*,#923,.F.);
#1216=ORIENTED_EDGE('',*,*,#924,.F.);
#1217=ORIENTED_EDGE('',*,*,#925,.F.);
#1218=ORIENTED_EDGE('',*,*,#926,.F.);
#1219=ORIENTED_EDGE('',*,*,#927,.F.);
#1220=ORIENTED_EDGE('',*,*,#928,.F.);
#1221=ORIENTED_EDGE('',*,*,#929,.F.);
#1222=ORIENTED_EDGE('',*,*,#930,.F.);
#1223=ORIENTED_EDGE('',*,*,#931,.F.);
#1224=ORIENTED_EDGE('',*,*,#932,.F.);
#1225=ORIENTED_EDGE('',*,*,#933,.F.);
#1226=ORIENTED_EDGE('',*,*,#934,.F.);
#1227=ORIENTED_EDGE('',*,*,#935,.F.);
#1228=ORIENTED_EDGE('',*,*,#936,.F.);
#1229=ORIENTED_EDGE('',*,*,#937,.F.);
#1230=ORIENTED_EDGE('',*,*,#938,.F.);
#1231=ORIENTED_EDGE('',*,*,#939,.F.);
#1232=ORIENTED_EDGE('',*,*,#940,.F.);
#1233=ORIENTED_EDGE('',*,*,#941,.F.);
#1234=ORIENTED_EDGE('',*,*,#942,.F.);
#1235=ORIENTED_EDGE('',*,*,#943,.F.);
#1236=ORIENTED_EDGE('',*,*,#944,.F.);
#1237=ORIENTED_EDGE('',*,*,#945,.F.);
#1238=ORIENTED_EDGE('',*,*,#946,.F.);
#1239=ORIENTED_EDGE('',*,*,#947,.F.);
#1240=ORIENTED_EDGE('',*,*,#948,.F.);
#1241=ORIENTED_EDGE('',*,*,#949,.F.);
#1242=ORIENTED_EDGE('',*,*,#950,.F.);
#1243=ORIENTED_EDGE('',*,*,#951,.F.);
#1244=ORIENTED_EDGE('',*,*,#952,.F.);
#1245=ORIENTED_EDGE('',*,*,#953,.F.);
#1246=ORIENTED_EDGE('',*,*,#954,.F.);
#1247=ORIENTED_EDGE('',*,*,#955,.F.);
#1248=ORIENTED_EDGE('',*,*,#956,.F.);
#1249=ORIENTED_EDGE('',*,*,#957,.F.);
#1250=ORIENTED_EDGE('',*,*,#958,.F.);
#1251=ORIENTED_EDGE('',*,*,#959,.F.);
#1252=ORIENTED_EDGE('',*,*,#960,.F.);
#1253=ORIENTED_EDGE('',*,*,#961,.F.);
#1254=ORIENTED_EDGE('',*,*,#962,.F.);
#1255=ORIENTED_EDGE('',*,*,#963,.F.);
#1256=ORIENTED_EDGE('',*,*,#964,.F.);
#1257=ORIENTED_EDGE('',*,*,#965,.F.);
#1258=ORIENTED_EDGE('',*,*,#966,.F.);
#1259=ORIENTED_EDGE('',*,*,#967,.F.);
#1260=ORIENTED_EDGE('',*,*,#968,.F.);
#1261=ORIENTED_EDGE('',*,*,#969,.F.);
#1262=ORIENTED_EDGE('',*,*,#970,.F.);
#1263=ORIENTED_EDGE('',*,*,#971,.F.);
#1264=ORIENTED_EDGE('',*,*,#972,.F.);
#1265=ORIENTED_EDGE('',*,*,#973,.F.);
#1266=ORIENTED_EDGE('',*,*,#974,.F.);
#1267=ORIENTED_EDGE('',*,*,#975,.F.);
#1268=ORIENTED_EDGE('',*,*,#976,.F.);
#1269=ORIENTED_EDGE('',*,*,#977,.F.);
#1270=ORIENTED_EDGE('',*,*,#884,.F.);
#1271=ORIENTED_EDGE('',*,*,#934,.T.);
#1272=ORIENTED_EDGE('',*,*,#978,.T.);
#1273=ORIENTED_EDGE('',*,*,#979,.F.);
#1274=ORIENTED_EDGE('',*,*,#980,.F.);
#1275=ORIENTED_EDGE('',*,*,#933,.T.);
#1276=ORIENTED_EDGE('',*,*,#981,.T.);
#1277=ORIENTED_EDGE('',*,*,#982,.F.);
#1278=ORIENTED_EDGE('',*,*,#978,.F.);
#1279=ORIENTED_EDGE('',*,*,#932,.T.);
#1280=ORIENTED_EDGE('',*,*,#983,.T.);
#1281=ORIENTED_EDGE('',*,*,#984,.F.);
#1282=ORIENTED_EDGE('',*,*,#981,.F.);
#1283=ORIENTED_EDGE('',*,*,#931,.T.);
#1284=ORIENTED_EDGE('',*,*,#985,.T.);
#1285=ORIENTED_EDGE('',*,*,#986,.F.);
#1286=ORIENTED_EDGE('',*,*,#983,.F.);
#1287=ORIENTED_EDGE('',*,*,#930,.T.);
#1288=ORIENTED_EDGE('',*,*,#987,.T.);
#1289=ORIENTED_EDGE('',*,*,#988,.F.);
#1290=ORIENTED_EDGE('',*,*,#985,.F.);
#1291=ORIENTED_EDGE('',*,*,#929,.T.);
#1292=ORIENTED_EDGE('',*,*,#989,.T.);
#1293=ORIENTED_EDGE('',*,*,#990,.F.);
#1294=ORIENTED_EDGE('',*,*,#987,.F.);
#1295=ORIENTED_EDGE('',*,*,#928,.T.);
#1296=ORIENTED_EDGE('',*,*,#991,.T.);
#1297=ORIENTED_EDGE('',*,*,#992,.F.);
#1298=ORIENTED_EDGE('',*,*,#989,.F.);
#1299=ORIENTED_EDGE('',*,*,#927,.T.);
#1300=ORIENTED_EDGE('',*,*,#993,.T.);
#1301=ORIENTED_EDGE('',*,*,#994,.F.);
#1302=ORIENTED_EDGE('',*,*,#991,.F.);
#1303=ORIENTED_EDGE('',*,*,#926,.T.);
#1304=ORIENTED_EDGE('',*,*,#995,.T.);
#1305=ORIENTED_EDGE('',*,*,#996,.F.);
#1306=ORIENTED_EDGE('',*,*,#993,.F.);
#1307=ORIENTED_EDGE('',*,*,#925,.T.);
#1308=ORIENTED_EDGE('',*,*,#997,.T.);
#1309=ORIENTED_EDGE('',*,*,#998,.F.);
#1310=ORIENTED_EDGE('',*,*,#995,.F.);
#1311=ORIENTED_EDGE('',*,*,#924,.T.);
#1312=ORIENTED_EDGE('',*,*,#999,.T.);
#1313=ORIENTED_EDGE('',*,*,#1000,.F.);
#1314=ORIENTED_EDGE('',*,*,#997,.F.);
#1315=ORIENTED_EDGE('',*,*,#923,.T.);
#1316=ORIENTED_EDGE('',*,*,#1001,.T.);
#1317=ORIENTED_EDGE('',*,*,#1002,.F.);
#1318=ORIENTED_EDGE('',*,*,#999,.F.);
#1319=ORIENTED_EDGE('',*,*,#922,.T.);
#1320=ORIENTED_EDGE('',*,*,#1003,.T.);
#1321=ORIENTED_EDGE('',*,*,#1004,.F.);
#1322=ORIENTED_EDGE('',*,*,#1001,.F.);
#1323=ORIENTED_EDGE('',*,*,#921,.T.);
#1324=ORIENTED_EDGE('',*,*,#1005,.T.);
#1325=ORIENTED_EDGE('',*,*,#1006,.F.);
#1326=ORIENTED_EDGE('',*,*,#1003,.F.);
#1327=ORIENTED_EDGE('',*,*,#920,.T.);
#1328=ORIENTED_EDGE('',*,*,#1007,.T.);
#1329=ORIENTED_EDGE('',*,*,#1008,.F.);
#1330=ORIENTED_EDGE('',*,*,#1005,.F.);
#1331=ORIENTED_EDGE('',*,*,#919,.T.);
#1332=ORIENTED_EDGE('',*,*,#1009,.T.);
#1333=ORIENTED_EDGE('',*,*,#1010,.F.);
#1334=ORIENTED_EDGE('',*,*,#1007,.F.);
#1335=ORIENTED_EDGE('',*,*,#918,.T.);
#1336=ORIENTED_EDGE('',*,*,#1011,.T.);
#1337=ORIENTED_EDGE('',*,*,#1012,.F.);
#1338=ORIENTED_EDGE('',*,*,#1009,.F.);
#1339=ORIENTED_EDGE('',*,*,#917,.T.);
#1340=ORIENTED_EDGE('',*,*,#1013,.T.);
#1341=ORIENTED_EDGE('',*,*,#1014,.F.);
#1342=ORIENTED_EDGE('',*,*,#1011,.F.);
#1343=ORIENTED_EDGE('',*,*,#916,.T.);
#1344=ORIENTED_EDGE('',*,*,#1015,.T.);
#1345=ORIENTED_EDGE('',*,*,#1016,.F.);
#1346=ORIENTED_EDGE('',*,*,#1013,.F.);
#1347=ORIENTED_EDGE('',*,*,#915,.T.);
#1348=ORIENTED_EDGE('',*,*,#1017,.T.);
#1349=ORIENTED_EDGE('',*,*,#1018,.F.);
#1350=ORIENTED_EDGE('',*,*,#1015,.F.);
#1351=ORIENTED_EDGE('',*,*,#914,.T.);
#1352=ORIENTED_EDGE('',*,*,#1019,.T.);
#1353=ORIENTED_EDGE('',*,*,#1020,.F.);
#1354=ORIENTED_EDGE('',*,*,#1017,.F.);
#1355=ORIENTED_EDGE('',*,*,#913,.T.);
#1356=ORIENTED_EDGE('',*,*,#1021,.T.);
#1357=ORIENTED_EDGE('',*,*,#1022,.F.);
#1358=ORIENTED_EDGE('',*,*,#1019,.F.);
#1359=ORIENTED_EDGE('',*,*,#912,.T.);
#1360=ORIENTED_EDGE('',*,*,#1023,.T.);
#1361=ORIENTED_EDGE('',*,*,#1024,.F.);
#1362=ORIENTED_EDGE('',*,*,#1021,.F.);
#1363=ORIENTED_EDGE('',*,*,#911,.T.);
#1364=ORIENTED_EDGE('',*,*,#1025,.T.);
#1365=ORIENTED_EDGE('',*,*,#1026,.F.);
#1366=ORIENTED_EDGE('',*,*,#1023,.F.);
#1367=ORIENTED_EDGE('',*,*,#910,.T.);
#1368=ORIENTED_EDGE('',*,*,#1027,.T.);
#1369=ORIENTED_EDGE('',*,*,#1028,.F.);
#1370=ORIENTED_EDGE('',*,*,#1025,.F.);
#1371=ORIENTED_EDGE('',*,*,#909,.T.);
#1372=ORIENTED_EDGE('',*,*,#1029,.T.);
#1373=ORIENTED_EDGE('',*,*,#1030,.F.);
#1374=ORIENTED_EDGE('',*,*,#1027,.F.);
#1375=ORIENTED_EDGE('',*,*,#908,.T.);
#1376=ORIENTED_EDGE('',*,*,#1031,.T.);
#1377=ORIENTED_EDGE('',*,*,#1032,.F.);
#1378=ORIENTED_EDGE('',*,*,#1029,.F.);
#1379=ORIENTED_EDGE('',*,*,#907,.T.);
#1380=ORIENTED_EDGE('',*,*,#1033,.T.);
#1381=ORIENTED_EDGE('',*,*,#1034,.F.);
#1382=ORIENTED_EDGE('',*,*,#1031,.F.);
#1383=ORIENTED_EDGE('',*,*,#906,.T.);
#1384=ORIENTED_EDGE('',*,*,#1035,.T.);
#1385=ORIENTED_EDGE('',*,*,#1036,.F.);
#1386=ORIENTED_EDGE('',*,*,#1033,.F.);
#1387=ORIENTED_EDGE('',*,*,#905,.T.);
#1388=ORIENTED_EDGE('',*,*,#1037,.T.);
#1389=ORIENTED_EDGE('',*,*,#1038,.F.);
#1390=ORIENTED_EDGE('',*,*,#1035,.F.);
#1391=ORIENTED_EDGE('',*,*,#904,.T.);
#1392=ORIENTED_EDGE('',*,*,#1039,.T.);
#1393=ORIENTED_EDGE('',*,*,#1040,.F.);
#1394=ORIENTED_EDGE('',*,*,#1037,.F.);
#1395=ORIENTED_EDGE('',*,*,#903,.T.);
#1396=ORIENTED_EDGE('',*,*,#1041,.T.);
#1397=ORIENTED_EDGE('',*,*,#1042,.F.);
#1398=ORIENTED_EDGE('',*,*,#1039,.F.);
#1399=ORIENTED_EDGE('',*,*,#902,.T.);
#1400=ORIENTED_EDGE('',*,*,#1043,.T.);
#1401=ORIENTED_EDGE('',*,*,#1044,.F.);
#1402=ORIENTED_EDGE('',*,*,#1041,.F.);
#1403=ORIENTED_EDGE('',*,*,#901,.T.);
#1404=ORIENTED_EDGE('',*,*,#1045,.T.);
#1405=ORIENTED_EDGE('',*,*,#1046,.F.);
#1406=ORIENTED_EDGE('',*,*,#1043,.F.);
#1407=ORIENTED_EDGE('',*,*,#900,.T.);
#1408=ORIENTED_EDGE('',*,*,#1047,.T.);
#1409=ORIENTED_EDGE('',*,*,#1048,.F.);
#1410=ORIENTED_EDGE('',*,*,#1045,.F.);
#1411=ORIENTED_EDGE('',*,*,#899,.T.);
#1412=ORIENTED_EDGE('',*,*,#1049,.T.);
#1413=ORIENTED_EDGE('',*,*,#1050,.F.);
#1414=ORIENTED_EDGE('',*,*,#1047,.F.);
#1415=ORIENTED_EDGE('',*,*,#898,.T.);
#1416=ORIENTED_EDGE('',*,*,#1051,.T.);
#1417=ORIENTED_EDGE('',*,*,#1052,.F.);
#1418=ORIENTED_EDGE('',*,*,#1049,.F.);
#1419=ORIENTED_EDGE('',*,*,#897,.T.);
#1420=ORIENTED_EDGE('',*,*,#1053,.T.);
#1421=ORIENTED_EDGE('',*,*,#1054,.F.);
#1422=ORIENTED_EDGE('',*,*,#1051,.F.);
#1423=ORIENTED_EDGE('',*,*,#896,.T.);
#1424=ORIENTED_EDGE('',*,*,#1055,.T.);
#1425=ORIENTED_EDGE('',*,*,#1056,.F.);
#1426=ORIENTED_EDGE('',*,*,#1053,.F.);
#1427=ORIENTED_EDGE('',*,*,#895,.T.);
#1428=ORIENTED_EDGE('',*,*,#1057,.T.);
#1429=ORIENTED_EDGE('',*,*,#1058,.F.);
#1430=ORIENTED_EDGE('',*,*,#1055,.F.);
#1431=ORIENTED_EDGE('',*,*,#894,.T.);
#1432=ORIENTED_EDGE('',*,*,#1059,.T.);
#1433=ORIENTED_EDGE('',*,*,#1060,.F.);
#1434=ORIENTED_EDGE('',*,*,#1057,.F.);
#1435=ORIENTED_EDGE('',*,*,#893,.T.);
#1436=ORIENTED_EDGE('',*,*,#1061,.T.);
#1437=ORIENTED_EDGE('',*,*,#1062,.F.);
#1438=ORIENTED_EDGE('',*,*,#1059,.F.);
#1439=ORIENTED_EDGE('',*,*,#892,.T.);
#1440=ORIENTED_EDGE('',*,*,#1063,.T.);
#1441=ORIENTED_EDGE('',*,*,#1064,.F.);
#1442=ORIENTED_EDGE('',*,*,#1061,.F.);
#1443=ORIENTED_EDGE('',*,*,#891,.T.);
#1444=ORIENTED_EDGE('',*,*,#1065,.T.);
#1445=ORIENTED_EDGE('',*,*,#1066,.F.);
#1446=ORIENTED_EDGE('',*,*,#1063,.F.);
#1447=ORIENTED_EDGE('',*,*,#890,.T.);
#1448=ORIENTED_EDGE('',*,*,#1067,.T.);
#1449=ORIENTED_EDGE('',*,*,#1068,.F.);
#1450=ORIENTED_EDGE('',*,*,#1065,.F.);
#1451=ORIENTED_EDGE('',*,*,#889,.T.);
#1452=ORIENTED_EDGE('',*,*,#1069,.T.);
#1453=ORIENTED_EDGE('',*,*,#1070,.F.);
#1454=ORIENTED_EDGE('',*,*,#1067,.F.);
#1455=ORIENTED_EDGE('',*,*,#972,.T.);
#1456=ORIENTED_EDGE('',*,*,#1071,.T.);
#1457=ORIENTED_EDGE('',*,*,#1072,.F.);
#1458=ORIENTED_EDGE('',*,*,#1073,.F.);
#1459=ORIENTED_EDGE('',*,*,#973,.T.);
#1460=ORIENTED_EDGE('',*,*,#1073,.T.);
#1461=ORIENTED_EDGE('',*,*,#1074,.F.);
#1462=ORIENTED_EDGE('',*,*,#1075,.F.);
#1463=ORIENTED_EDGE('',*,*,#974,.T.);
#1464=ORIENTED_EDGE('',*,*,#1075,.T.);
#1465=ORIENTED_EDGE('',*,*,#1076,.F.);
#1466=ORIENTED_EDGE('',*,*,#1077,.F.);
#1467=ORIENTED_EDGE('',*,*,#975,.T.);
#1468=ORIENTED_EDGE('',*,*,#1077,.T.);
#1469=ORIENTED_EDGE('',*,*,#1078,.F.);
#1470=ORIENTED_EDGE('',*,*,#1079,.F.);
#1471=ORIENTED_EDGE('',*,*,#976,.T.);
#1472=ORIENTED_EDGE('',*,*,#1079,.T.);
#1473=ORIENTED_EDGE('',*,*,#1080,.F.);
#1474=ORIENTED_EDGE('',*,*,#1081,.F.);
#1475=ORIENTED_EDGE('',*,*,#977,.T.);
#1476=ORIENTED_EDGE('',*,*,#1081,.T.);
#1477=ORIENTED_EDGE('',*,*,#1082,.F.);
#1478=ORIENTED_EDGE('',*,*,#1083,.F.);
#1479=ORIENTED_EDGE('',*,*,#966,.T.);
#1480=ORIENTED_EDGE('',*,*,#1084,.T.);
#1481=ORIENTED_EDGE('',*,*,#1085,.F.);
#1482=ORIENTED_EDGE('',*,*,#1086,.F.);
#1483=ORIENTED_EDGE('',*,*,#967,.T.);
#1484=ORIENTED_EDGE('',*,*,#1086,.T.);
#1485=ORIENTED_EDGE('',*,*,#1087,.F.);
#1486=ORIENTED_EDGE('',*,*,#1088,.F.);
#1487=ORIENTED_EDGE('',*,*,#968,.T.);
#1488=ORIENTED_EDGE('',*,*,#1088,.T.);
#1489=ORIENTED_EDGE('',*,*,#1089,.F.);
#1490=ORIENTED_EDGE('',*,*,#1090,.F.);
#1491=ORIENTED_EDGE('',*,*,#969,.T.);
#1492=ORIENTED_EDGE('',*,*,#1090,.T.);
#1493=ORIENTED_EDGE('',*,*,#1091,.F.);
#1494=ORIENTED_EDGE('',*,*,#1092,.F.);
#1495=ORIENTED_EDGE('',*,*,#970,.T.);
#1496=ORIENTED_EDGE('',*,*,#1092,.T.);
#1497=ORIENTED_EDGE('',*,*,#1093,.F.);
#1498=ORIENTED_EDGE('',*,*,#1094,.F.);
#1499=ORIENTED_EDGE('',*,*,#971,.T.);
#1500=ORIENTED_EDGE('',*,*,#1094,.T.);
#1501=ORIENTED_EDGE('',*,*,#1095,.F.);
#1502=ORIENTED_EDGE('',*,*,#1071,.F.);
#1503=ORIENTED_EDGE('',*,*,#960,.T.);
#1504=ORIENTED_EDGE('',*,*,#1096,.T.);
#1505=ORIENTED_EDGE('',*,*,#1097,.F.);
#1506=ORIENTED_EDGE('',*,*,#1098,.F.);
#1507=ORIENTED_EDGE('',*,*,#961,.T.);
#1508=ORIENTED_EDGE('',*,*,#1098,.T.);
#1509=ORIENTED_EDGE('',*,*,#1099,.F.);
#1510=ORIENTED_EDGE('',*,*,#1100,.F.);
#1511=ORIENTED_EDGE('',*,*,#962,.T.);
#1512=ORIENTED_EDGE('',*,*,#1100,.T.);
#1513=ORIENTED_EDGE('',*,*,#1101,.F.);
#1514=ORIENTED_EDGE('',*,*,#1102,.F.);
#1515=ORIENTED_EDGE('',*,*,#963,.T.);
#1516=ORIENTED_EDGE('',*,*,#1102,.T.);
#1517=ORIENTED_EDGE('',*,*,#1103,.F.);
#1518=ORIENTED_EDGE('',*,*,#1104,.F.);
#1519=ORIENTED_EDGE('',*,*,#964,.T.);
#1520=ORIENTED_EDGE('',*,*,#1104,.T.);
#1521=ORIENTED_EDGE('',*,*,#1105,.F.);
#1522=ORIENTED_EDGE('',*,*,#1106,.F.);
#1523=ORIENTED_EDGE('',*,*,#965,.T.);
#1524=ORIENTED_EDGE('',*,*,#1106,.T.);
#1525=ORIENTED_EDGE('',*,*,#1107,.F.);
#1526=ORIENTED_EDGE('',*,*,#1084,.F.);
#1527=ORIENTED_EDGE('',*,*,#954,.T.);
#1528=ORIENTED_EDGE('',*,*,#1108,.T.);
#1529=ORIENTED_EDGE('',*,*,#1109,.F.);
#1530=ORIENTED_EDGE('',*,*,#1110,.F.);
#1531=ORIENTED_EDGE('',*,*,#955,.T.);
#1532=ORIENTED_EDGE('',*,*,#1110,.T.);
#1533=ORIENTED_EDGE('',*,*,#1111,.F.);
#1534=ORIENTED_EDGE('',*,*,#1112,.F.);
#1535=ORIENTED_EDGE('',*,*,#956,.T.);
#1536=ORIENTED_EDGE('',*,*,#1112,.T.);
#1537=ORIENTED_EDGE('',*,*,#1113,.F.);
#1538=ORIENTED_EDGE('',*,*,#1114,.F.);
#1539=ORIENTED_EDGE('',*,*,#957,.T.);
#1540=ORIENTED_EDGE('',*,*,#1114,.T.);
#1541=ORIENTED_EDGE('',*,*,#1115,.F.);
#1542=ORIENTED_EDGE('',*,*,#1116,.F.);
#1543=ORIENTED_EDGE('',*,*,#958,.T.);
#1544=ORIENTED_EDGE('',*,*,#1116,.T.);
#1545=ORIENTED_EDGE('',*,*,#1117,.F.);
#1546=ORIENTED_EDGE('',*,*,#1118,.F.);
#1547=ORIENTED_EDGE('',*,*,#959,.T.);
#1548=ORIENTED_EDGE('',*,*,#1118,.T.);
#1549=ORIENTED_EDGE('',*,*,#1119,.F.);
#1550=ORIENTED_EDGE('',*,*,#1096,.F.);
#1551=ORIENTED_EDGE('',*,*,#948,.T.);
#1552=ORIENTED_EDGE('',*,*,#1120,.T.);
#1553=ORIENTED_EDGE('',*,*,#1121,.F.);
#1554=ORIENTED_EDGE('',*,*,#1122,.F.);
#1555=ORIENTED_EDGE('',*,*,#949,.T.);
#1556=ORIENTED_EDGE('',*,*,#1122,.T.);
#1557=ORIENTED_EDGE('',*,*,#1123,.F.);
#1558=ORIENTED_EDGE('',*,*,#1124,.F.);
#1559=ORIENTED_EDGE('',*,*,#950,.T.);
#1560=ORIENTED_EDGE('',*,*,#1124,.T.);
#1561=ORIENTED_EDGE('',*,*,#1125,.F.);
#1562=ORIENTED_EDGE('',*,*,#1126,.F.);
#1563=ORIENTED_EDGE('',*,*,#951,.T.);
#1564=ORIENTED_EDGE('',*,*,#1126,.T.);
#1565=ORIENTED_EDGE('',*,*,#1127,.F.);
#1566=ORIENTED_EDGE('',*,*,#1128,.F.);
#1567=ORIENTED_EDGE('',*,*,#952,.T.);
#1568=ORIENTED_EDGE('',*,*,#1128,.T.);
#1569=ORIENTED_EDGE('',*,*,#1129,.F.);
#1570=ORIENTED_EDGE('',*,*,#1130,.F.);
#1571=ORIENTED_EDGE('',*,*,#953,.T.);
#1572=ORIENTED_EDGE('',*,*,#1130,.T.);
#1573=ORIENTED_EDGE('',*,*,#1131,.F.);
#1574=ORIENTED_EDGE('',*,*,#1108,.F.);
#1575=ORIENTED_EDGE('',*,*,#942,.T.);
#1576=ORIENTED_EDGE('',*,*,#1132,.T.);
#1577=ORIENTED_EDGE('',*,*,#1133,.F.);
#1578=ORIENTED_EDGE('',*,*,#1134,.F.);
#1579=ORIENTED_EDGE('',*,*,#943,.T.);
#1580=ORIENTED_EDGE('',*,*,#1134,.T.);
#1581=ORIENTED_EDGE('',*,*,#1135,.F.);
#1582=ORIENTED_EDGE('',*,*,#1136,.F.);
#1583=ORIENTED_EDGE('',*,*,#944,.T.);
#1584=ORIENTED_EDGE('',*,*,#1136,.T.);
#1585=ORIENTED_EDGE('',*,*,#1137,.F.);
#1586=ORIENTED_EDGE('',*,*,#1138,.F.);
#1587=ORIENTED_EDGE('',*,*,#945,.T.);
#1588=ORIENTED_EDGE('',*,*,#1138,.T.);
#1589=ORIENTED_EDGE('',*,*,#1139,.F.);
#1590=ORIENTED_EDGE('',*,*,#1140,.F.);
#1591=ORIENTED_EDGE('',*,*,#946,.T.);
#1592=ORIENTED_EDGE('',*,*,#1140,.T.);
#1593=ORIENTED_EDGE('',*,*,#1141,.F.);
#1594=ORIENTED_EDGE('',*,*,#1142,.F.);
#1595=ORIENTED_EDGE('',*,*,#947,.T.);
#1596=ORIENTED_EDGE('',*,*,#1142,.T.);
#1597=ORIENTED_EDGE('',*,*,#1143,.F.);
#1598=ORIENTED_EDGE('',*,*,#1120,.F.);
#1599=ORIENTED_EDGE('',*,*,#936,.T.);
#1600=ORIENTED_EDGE('',*,*,#1144,.T.);
#1601=ORIENTED_EDGE('',*,*,#1145,.F.);
#1602=ORIENTED_EDGE('',*,*,#1146,.F.);
#1603=ORIENTED_EDGE('',*,*,#937,.T.);
#1604=ORIENTED_EDGE('',*,*,#1146,.T.);
#1605=ORIENTED_EDGE('',*,*,#1147,.F.);
#1606=ORIENTED_EDGE('',*,*,#1148,.F.);
#1607=ORIENTED_EDGE('',*,*,#938,.T.);
#1608=ORIENTED_EDGE('',*,*,#1148,.T.);
#1609=ORIENTED_EDGE('',*,*,#1149,.F.);
#1610=ORIENTED_EDGE('',*,*,#1150,.F.);
#1611=ORIENTED_EDGE('',*,*,#939,.T.);
#1612=ORIENTED_EDGE('',*,*,#1150,.T.);
#1613=ORIENTED_EDGE('',*,*,#1151,.F.);
#1614=ORIENTED_EDGE('',*,*,#1152,.F.);
#1615=ORIENTED_EDGE('',*,*,#940,.T.);
#1616=ORIENTED_EDGE('',*,*,#1152,.T.);
#1617=ORIENTED_EDGE('',*,*,#1153,.F.);
#1618=ORIENTED_EDGE('',*,*,#1154,.F.);
#1619=ORIENTED_EDGE('',*,*,#941,.T.);
#1620=ORIENTED_EDGE('',*,*,#1154,.T.);
#1621=ORIENTED_EDGE('',*,*,#1155,.F.);
#1622=ORIENTED_EDGE('',*,*,#1132,.F.);
#1623=ORIENTED_EDGE('',*,*,#935,.T.);
#1624=ORIENTED_EDGE('',*,*,#980,.T.);
#1625=ORIENTED_EDGE('',*,*,#1156,.F.);
#1626=ORIENTED_EDGE('',*,*,#1144,.F.);
#1627=ORIENTED_EDGE('',*,*,#1157,.T.);
#1628=ORIENTED_EDGE('',*,*,#1082,.T.);
#1629=ORIENTED_EDGE('',*,*,#1080,.T.);
#1630=ORIENTED_EDGE('',*,*,#1078,.T.);
#1631=ORIENTED_EDGE('',*,*,#1076,.T.);
#1632=ORIENTED_EDGE('',*,*,#1074,.T.);
#1633=ORIENTED_EDGE('',*,*,#1072,.T.);
#1634=ORIENTED_EDGE('',*,*,#1095,.T.);
#1635=ORIENTED_EDGE('',*,*,#1093,.T.);
#1636=ORIENTED_EDGE('',*,*,#1091,.T.);
#1637=ORIENTED_EDGE('',*,*,#1089,.T.);
#1638=ORIENTED_EDGE('',*,*,#1087,.T.);
#1639=ORIENTED_EDGE('',*,*,#1085,.T.);
#1640=ORIENTED_EDGE('',*,*,#1107,.T.);
#1641=ORIENTED_EDGE('',*,*,#1105,.T.);
#1642=ORIENTED_EDGE('',*,*,#1103,.T.);
#1643=ORIENTED_EDGE('',*,*,#1101,.T.);
#1644=ORIENTED_EDGE('',*,*,#1099,.T.);
#1645=ORIENTED_EDGE('',*,*,#1097,.T.);
#1646=ORIENTED_EDGE('',*,*,#1119,.T.);
#1647=ORIENTED_EDGE('',*,*,#1117,.T.);
#1648=ORIENTED_EDGE('',*,*,#1115,.T.);
#1649=ORIENTED_EDGE('',*,*,#1113,.T.);
#1650=ORIENTED_EDGE('',*,*,#1111,.T.);
#1651=ORIENTED_EDGE('',*,*,#1109,.T.);
#1652=ORIENTED_EDGE('',*,*,#1131,.T.);
#1653=ORIENTED_EDGE('',*,*,#1129,.T.);
#1654=ORIENTED_EDGE('',*,*,#1127,.T.);
#1655=ORIENTED_EDGE('',*,*,#1125,.T.);
#1656=ORIENTED_EDGE('',*,*,#1123,.T.);
#1657=ORIENTED_EDGE('',*,*,#1121,.T.);
#1658=ORIENTED_EDGE('',*,*,#1143,.T.);
#1659=ORIENTED_EDGE('',*,*,#1141,.T.);
#1660=ORIENTED_EDGE('',*,*,#1139,.T.);
#1661=ORIENTED_EDGE('',*,*,#1137,.T.);
#1662=ORIENTED_EDGE('',*,*,#1135,.T.);
#1663=ORIENTED_EDGE('',*,*,#1133,.T.);
#1664=ORIENTED_EDGE('',*,*,#1155,.T.);
#1665=ORIENTED_EDGE('',*,*,#1153,.T.);
#1666=ORIENTED_EDGE('',*,*,#1151,.T.);
#1667=ORIENTED_EDGE('',*,*,#1149,.T.);
#1668=ORIENTED_EDGE('',*,*,#1147,.T.);
#1669=ORIENTED_EDGE('',*,*,#1145,.T.);
#1670=ORIENTED_EDGE('',*,*,#1156,.T.);
#1671=ORIENTED_EDGE('',*,*,#979,.T.);
#1672=ORIENTED_EDGE('',*,*,#982,.T.);
#1673=ORIENTED_EDGE('',*,*,#984,.T.);
#1674=ORIENTED_EDGE('',*,*,#986,.T.);
#1675=ORIENTED_EDGE('',*,*,#988,.T.);
#1676=ORIENTED_EDGE('',*,*,#990,.T.);
#1677=ORIENTED_EDGE('',*,*,#992,.T.);
#1678=ORIENTED_EDGE('',*,*,#994,.T.);
#1679=ORIENTED_EDGE('',*,*,#996,.T.);
#1680=ORIENTED_EDGE('',*,*,#998,.T.);
#1681=ORIENTED_EDGE('',*,*,#1000,.T.);
#1682=ORIENTED_EDGE('',*,*,#1002,.T.);
#1683=ORIENTED_EDGE('',*,*,#1004,.T.);
#1684=ORIENTED_EDGE('',*,*,#1006,.T.);
#1685=ORIENTED_EDGE('',*,*,#1008,.T.);
#1686=ORIENTED_EDGE('',*,*,#1010,.T.);
#1687=ORIENTED_EDGE('',*,*,#1012,.T.);
#1688=ORIENTED_EDGE('',*,*,#1014,.T.);
#1689=ORIENTED_EDGE('',*,*,#1016,.T.);
#1690=ORIENTED_EDGE('',*,*,#1018,.T.);
#1691=ORIENTED_EDGE('',*,*,#1020,.T.);
#1692=ORIENTED_EDGE('',*,*,#1022,.T.);
#1693=ORIENTED_EDGE('',*,*,#1024,.T.);
#1694=ORIENTED_EDGE('',*,*,#1026,.T.);
#1695=ORIENTED_EDGE('',*,*,#1028,.T.);
#1696=ORIENTED_EDGE('',*,*,#1030,.T.);
#1697=ORIENTED_EDGE('',*,*,#1032,.T.);
#1698=ORIENTED_EDGE('',*,*,#1034,.T.);
#1699=ORIENTED_EDGE('',*,*,#1036,.T.);
#1700=ORIENTED_EDGE('',*,*,#1038,.T.);
#1701=ORIENTED_EDGE('',*,*,#1040,.T.);
#1702=ORIENTED_EDGE('',*,*,#1042,.T.);
#1703=ORIENTED_EDGE('',*,*,#1044,.T.);
#1704=ORIENTED_EDGE('',*,*,#1046,.T.);
#1705=ORIENTED_EDGE('',*,*,#1048,.T.);
#1706=ORIENTED_EDGE('',*,*,#1050,.T.);
#1707=ORIENTED_EDGE('',*,*,#1052,.T.);
#1708=ORIENTED_EDGE('',*,*,#1054,.T.);
#1709=ORIENTED_EDGE('',*,*,#1056,.T.);
#1710=ORIENTED_EDGE('',*,*,#1058,.T.);
#1711=ORIENTED_EDGE('',*,*,#1060,.T.);
#1712=ORIENTED_EDGE('',*,*,#1062,.T.);
#1713=ORIENTED_EDGE('',*,*,#1064,.T.);
#1714=ORIENTED_EDGE('',*,*,#1066,.T.);
#1715=ORIENTED_EDGE('',*,*,#1068,.T.);
#1716=ORIENTED_EDGE('',*,*,#1070,.T.);
#1717=ORIENTED_EDGE('',*,*,#878,.F.);
#1718=ORIENTED_EDGE('',*,*,#888,.T.);
#1719=ORIENTED_EDGE('',*,*,#1083,.T.);
#1720=ORIENTED_EDGE('',*,*,#1157,.F.);
#1721=ORIENTED_EDGE('',*,*,#1069,.F.);
#1722=CYLINDRICAL_SURFACE('',#1895,3.25);
#1723=CYLINDRICAL_SURFACE('',#1901,1.65);
#1724=CYLINDRICAL_SURFACE('',#1967,0.379999999999999);
#1725=CYLINDRICAL_SURFACE('',#1969,11.875);
#1726=CYLINDRICAL_SURFACE('',#1971,0.379999999999999);
#1727=CYLINDRICAL_SURFACE('',#1974,9.5);
#1728=CYLINDRICAL_SURFACE('',#1977,0.379999999999999);
#1729=CYLINDRICAL_SURFACE('',#1979,11.875);
#1730=CYLINDRICAL_SURFACE('',#1981,0.379999999999999);
#1731=CYLINDRICAL_SURFACE('',#1984,9.5);
#1732=CYLINDRICAL_SURFACE('',#1987,0.379999999999999);
#1733=CYLINDRICAL_SURFACE('',#1989,11.875);
#1734=CYLINDRICAL_SURFACE('',#1991,0.379999999999999);
#1735=CYLINDRICAL_SURFACE('',#1994,9.5);
#1736=CYLINDRICAL_SURFACE('',#1997,0.379999999999999);
#1737=CYLINDRICAL_SURFACE('',#1999,11.875);
#1738=CYLINDRICAL_SURFACE('',#2001,0.379999999999999);
#1739=CYLINDRICAL_SURFACE('',#2004,9.5);
#1740=CYLINDRICAL_SURFACE('',#2007,0.379999999999999);
#1741=CYLINDRICAL_SURFACE('',#2009,11.875);
#1742=CYLINDRICAL_SURFACE('',#2011,0.379999999999999);
#1743=CYLINDRICAL_SURFACE('',#2014,9.5);
#1744=CYLINDRICAL_SURFACE('',#2017,0.379999999999999);
#1745=CYLINDRICAL_SURFACE('',#2019,11.875);
#1746=CYLINDRICAL_SURFACE('',#2021,0.379999999999999);
#1747=CYLINDRICAL_SURFACE('',#2024,9.5);
#1748=CYLINDRICAL_SURFACE('',#2027,0.379999999999999);
#1749=CYLINDRICAL_SURFACE('',#2029,11.875);
#1750=CYLINDRICAL_SURFACE('',#2031,0.379999999999999);
#1751=CYLINDRICAL_SURFACE('',#2034,9.5);
#1752=CYLINDRICAL_SURFACE('',#2037,0.379999999999999);
#1753=CYLINDRICAL_SURFACE('',#2039,11.875);
#1754=CYLINDRICAL_SURFACE('',#2041,0.379999999999999);
#1755=CYLINDRICAL_SURFACE('',#2044,9.5);
#1756=CYLINDRICAL_SURFACE('',#2047,0.379999999999999);
#1757=CYLINDRICAL_SURFACE('',#2049,11.875);
#1758=CYLINDRICAL_SURFACE('',#2051,0.379999999999999);
#1759=CYLINDRICAL_SURFACE('',#2054,9.5);
#1760=CYLINDRICAL_SURFACE('',#2057,0.379999999999999);
#1761=CYLINDRICAL_SURFACE('',#2059,11.875);
#1762=CYLINDRICAL_SURFACE('',#2061,0.379999999999999);
#1763=CYLINDRICAL_SURFACE('',#2064,9.5);
#1764=CYLINDRICAL_SURFACE('',#2067,0.379999999999999);
#1765=CYLINDRICAL_SURFACE('',#2069,11.875);
#1766=CYLINDRICAL_SURFACE('',#2071,0.379999999999999);
#1767=CYLINDRICAL_SURFACE('',#2074,9.5);
#1768=CYLINDRICAL_SURFACE('',#2077,0.379999999999999);
#1769=CYLINDRICAL_SURFACE('',#2079,11.875);
#1770=CYLINDRICAL_SURFACE('',#2081,0.379999999999999);
#1771=CYLINDRICAL_SURFACE('',#2084,9.5);
#1772=CYLINDRICAL_SURFACE('',#2087,0.379999999999999);
#1773=CYLINDRICAL_SURFACE('',#2089,11.875);
#1774=CYLINDRICAL_SURFACE('',#2091,0.379999999999999);
#1775=CYLINDRICAL_SURFACE('',#2094,9.5);
#1776=CYLINDRICAL_SURFACE('',#2097,0.379999999999999);
#1777=CYLINDRICAL_SURFACE('',#2099,11.875);
#1778=CYLINDRICAL_SURFACE('',#2101,0.379999999999999);
#1779=CYLINDRICAL_SURFACE('',#2104,9.5);
#1780=CYLINDRICAL_SURFACE('',#2107,0.379999999999999);
#1781=CYLINDRICAL_SURFACE('',#2109,11.875);
#1782=CYLINDRICAL_SURFACE('',#2111,0.379999999999999);
#1783=CYLINDRICAL_SURFACE('',#2117,9.5);
#1784=ADVANCED_FACE('',(#53),#1722,.T.);
#1785=ADVANCED_FACE('',(#54,#15),#18,.T.);
#1786=ADVANCED_FACE('',(#55),#1723,.F.);
#1787=ADVANCED_FACE('',(#56),#19,.F.);
#1788=ADVANCED_FACE('',(#57),#20,.T.);
#1789=ADVANCED_FACE('',(#58,#16),#21,.F.);
#1790=ADVANCED_FACE('',(#59),#1724,.T.);
#1791=ADVANCED_FACE('',(#60),#1725,.T.);
#1792=ADVANCED_FACE('',(#61),#1726,.T.);
#1793=ADVANCED_FACE('',(#62),#22,.T.);
#1794=ADVANCED_FACE('',(#63),#1727,.T.);
#1795=ADVANCED_FACE('',(#64),#23,.T.);
#1796=ADVANCED_FACE('',(#65),#1728,.T.);
#1797=ADVANCED_FACE('',(#66),#1729,.T.);
#1798=ADVANCED_FACE('',(#67),#1730,.T.);
#1799=ADVANCED_FACE('',(#68),#24,.T.);
#1800=ADVANCED_FACE('',(#69),#1731,.T.);
#1801=ADVANCED_FACE('',(#70),#25,.T.);
#1802=ADVANCED_FACE('',(#71),#1732,.T.);
#1803=ADVANCED_FACE('',(#72),#1733,.T.);
#1804=ADVANCED_FACE('',(#73),#1734,.T.);
#1805=ADVANCED_FACE('',(#74),#26,.T.);
#1806=ADVANCED_FACE('',(#75),#1735,.T.);
#1807=ADVANCED_FACE('',(#76),#27,.T.);
#1808=ADVANCED_FACE('',(#77),#1736,.T.);
#1809=ADVANCED_FACE('',(#78),#1737,.T.);
#1810=ADVANCED_FACE('',(#79),#1738,.T.);
#1811=ADVANCED_FACE('',(#80),#28,.T.);
#1812=ADVANCED_FACE('',(#81),#1739,.T.);
#1813=ADVANCED_FACE('',(#82),#29,.T.);
#1814=ADVANCED_FACE('',(#83),#1740,.T.);
#1815=ADVANCED_FACE('',(#84),#1741,.T.);
#1816=ADVANCED_FACE('',(#85),#1742,.T.);
#1817=ADVANCED_FACE('',(#86),#30,.T.);
#1818=ADVANCED_FACE('',(#87),#1743,.T.);
#1819=ADVANCED_FACE('',(#88),#31,.T.);
#1820=ADVANCED_FACE('',(#89),#1744,.T.);
#1821=ADVANCED_FACE('',(#90),#1745,.T.);
#1822=ADVANCED_FACE('',(#91),#1746,.T.);
#1823=ADVANCED_FACE('',(#92),#32,.T.);
#1824=ADVANCED_FACE('',(#93),#1747,.T.);
#1825=ADVANCED_FACE('',(#94),#33,.T.);
#1826=ADVANCED_FACE('',(#95),#1748,.T.);
#1827=ADVANCED_FACE('',(#96),#1749,.T.);
#1828=ADVANCED_FACE('',(#97),#1750,.T.);
#1829=ADVANCED_FACE('',(#98),#34,.T.);
#1830=ADVANCED_FACE('',(#99),#1751,.T.);
#1831=ADVANCED_FACE('',(#100),#35,.T.);
#1832=ADVANCED_FACE('',(#101),#1752,.T.);
#1833=ADVANCED_FACE('',(#102),#1753,.T.);
#1834=ADVANCED_FACE('',(#103),#1754,.T.);
#1835=ADVANCED_FACE('',(#104),#36,.T.);
#1836=ADVANCED_FACE('',(#105),#1755,.T.);
#1837=ADVANCED_FACE('',(#106),#37,.T.);
#1838=ADVANCED_FACE('',(#107),#1756,.T.);
#1839=ADVANCED_FACE('',(#108),#1757,.T.);
#1840=ADVANCED_FACE('',(#109),#1758,.T.);
#1841=ADVANCED_FACE('',(#110),#38,.T.);
#1842=ADVANCED_FACE('',(#111),#1759,.T.);
#1843=ADVANCED_FACE('',(#112),#39,.T.);
#1844=ADVANCED_FACE('',(#113),#1760,.T.);
#1845=ADVANCED_FACE('',(#114),#1761,.T.);
#1846=ADVANCED_FACE('',(#115),#1762,.T.);
#1847=ADVANCED_FACE('',(#116),#40,.T.);
#1848=ADVANCED_FACE('',(#117),#1763,.T.);
#1849=ADVANCED_FACE('',(#118),#41,.T.);
#1850=ADVANCED_FACE('',(#119),#1764,.T.);
#1851=ADVANCED_FACE('',(#120),#1765,.T.);
#1852=ADVANCED_FACE('',(#121),#1766,.T.);
#1853=ADVANCED_FACE('',(#122),#42,.T.);
#1854=ADVANCED_FACE('',(#123),#1767,.T.);
#1855=ADVANCED_FACE('',(#124),#43,.T.);
#1856=ADVANCED_FACE('',(#125),#1768,.T.);
#1857=ADVANCED_FACE('',(#126),#1769,.T.);
#1858=ADVANCED_FACE('',(#127),#1770,.T.);
#1859=ADVANCED_FACE('',(#128),#44,.T.);
#1860=ADVANCED_FACE('',(#129),#1771,.T.);
#1861=ADVANCED_FACE('',(#130),#45,.T.);
#1862=ADVANCED_FACE('',(#131),#1772,.T.);
#1863=ADVANCED_FACE('',(#132),#1773,.T.);
#1864=ADVANCED_FACE('',(#133),#1774,.T.);
#1865=ADVANCED_FACE('',(#134),#46,.T.);
#1866=ADVANCED_FACE('',(#135),#1775,.T.);
#1867=ADVANCED_FACE('',(#136),#47,.T.);
#1868=ADVANCED_FACE('',(#137),#1776,.T.);
#1869=ADVANCED_FACE('',(#138),#1777,.T.);
#1870=ADVANCED_FACE('',(#139),#1778,.T.);
#1871=ADVANCED_FACE('',(#140),#48,.T.);
#1872=ADVANCED_FACE('',(#141),#1779,.T.);
#1873=ADVANCED_FACE('',(#142),#49,.T.);
#1874=ADVANCED_FACE('',(#143),#1780,.T.);
#1875=ADVANCED_FACE('',(#144),#1781,.T.);
#1876=ADVANCED_FACE('',(#145),#1782,.T.);
#1877=ADVANCED_FACE('',(#146),#50,.T.);
#1878=ADVANCED_FACE('',(#147),#51,.T.);
#1879=ADVANCED_FACE('',(#148,#17),#52,.T.);
#1880=ADVANCED_FACE('',(#149),#1783,.T.);
#1881=CLOSED_SHELL('',(#1784,#1785,#1786,#1787,#1788,#1789,#1790,#1791,
#1792,#1793,#1794,#1795,#1796,#1797,#1798,#1799,#1800,#1801,#1802,#1803,
#1804,#1805,#1806,#1807,#1808,#1809,#1810,#1811,#1812,#1813,#1814,#1815,
#1816,#1817,#1818,#1819,#1820,#1821,#1822,#1823,#1824,#1825,#1826,#1827,
#1828,#1829,#1830,#1831,#1832,#1833,#1834,#1835,#1836,#1837,#1838,#1839,
#1840,#1841,#1842,#1843,#1844,#1845,#1846,#1847,#1848,#1849,#1850,#1851,
#1852,#1853,#1854,#1855,#1856,#1857,#1858,#1859,#1860,#1861,#1862,#1863,
#1864,#1865,#1866,#1867,#1868,#1869,#1870,#1871,#1872,#1873,#1874,#1875,
#1876,#1877,#1878,#1879,#1880));
#1882=DERIVED_UNIT_ELEMENT(#1884,1.);
#1883=DERIVED_UNIT_ELEMENT(#3295,-3.);
#1884=(
MASS_UNIT()
NAMED_UNIT(*)
SI_UNIT(.KILO.,.GRAM.)
);
#1885=DERIVED_UNIT((#1882,#1883));
#1886=MEASURE_REPRESENTATION_ITEM('density measure',
POSITIVE_RATIO_MEASURE(7850.),#1885);
#1887=PROPERTY_DEFINITION_REPRESENTATION(#1892,#1889);
#1888=PROPERTY_DEFINITION_REPRESENTATION(#1893,#1890);
#1889=REPRESENTATION('material name',(#1891),#3292);
#1890=REPRESENTATION('density',(#1886),#3292);
#1891=DESCRIPTIVE_REPRESENTATION_ITEM('Steel','Steel');
#1892=PROPERTY_DEFINITION('material property','material name',#3302);
#1893=PROPERTY_DEFINITION('material property','density of part',#3302);
#1894=AXIS2_PLACEMENT_3D('',#2722,#2118,#2119);
#1895=AXIS2_PLACEMENT_3D('',#2723,#2120,#2121);
#1896=AXIS2_PLACEMENT_3D('',#2725,#2122,#2123);
#1897=AXIS2_PLACEMENT_3D('',#2728,#2125,#2126);
#1898=AXIS2_PLACEMENT_3D('',#2729,#2127,#2128);
#1899=AXIS2_PLACEMENT_3D('',#2734,#2130,#2131);
#1900=AXIS2_PLACEMENT_3D('',#2735,#2132,#2133);
#1901=AXIS2_PLACEMENT_3D('',#2736,#2134,#2135);
#1902=AXIS2_PLACEMENT_3D('',#2741,#2138,#2139);
#1903=AXIS2_PLACEMENT_3D('',#2744,#2141,#2142);
#1904=AXIS2_PLACEMENT_3D('',#2745,#2143,#2144);
#1905=AXIS2_PLACEMENT_3D('',#2747,#2146,#2147);
#1906=AXIS2_PLACEMENT_3D('',#2748,#2148,#2149);
#1907=AXIS2_PLACEMENT_3D('',#2751,#2150,#2151);
#1908=AXIS2_PLACEMENT_3D('',#2755,#2153,#2154);
#1909=AXIS2_PLACEMENT_3D('',#2757,#2155,#2156);
#1910=AXIS2_PLACEMENT_3D('',#2759,#2157,#2158);
#1911=AXIS2_PLACEMENT_3D('',#2763,#2160,#2161);
#1912=AXIS2_PLACEMENT_3D('',#2767,#2163,#2164);
#1913=AXIS2_PLACEMENT_3D('',#2769,#2165,#2166);
#1914=AXIS2_PLACEMENT_3D('',#2771,#2167,#2168);
#1915=AXIS2_PLACEMENT_3D('',#2775,#2170,#2171);
#1916=AXIS2_PLACEMENT_3D('',#2779,#2173,#2174);
#1917=AXIS2_PLACEMENT_3D('',#2781,#2175,#2176);
#1918=AXIS2_PLACEMENT_3D('',#2783,#2177,#2178);
#1919=AXIS2_PLACEMENT_3D('',#2787,#2180,#2181);
#1920=AXIS2_PLACEMENT_3D('',#2791,#2183,#2184);
#1921=AXIS2_PLACEMENT_3D('',#2793,#2185,#2186);
#1922=AXIS2_PLACEMENT_3D('',#2795,#2187,#2188);
#1923=AXIS2_PLACEMENT_3D('',#2799,#2190,#2191);
#1924=AXIS2_PLACEMENT_3D('',#2803,#2193,#2194);
#1925=AXIS2_PLACEMENT_3D('',#2805,#2195,#2196);
#1926=AXIS2_PLACEMENT_3D('',#2807,#2197,#2198);
#1927=AXIS2_PLACEMENT_3D('',#2811,#2200,#2201);
#1928=AXIS2_PLACEMENT_3D('',#2815,#2203,#2204);
#1929=AXIS2_PLACEMENT_3D('',#2817,#2205,#2206);
#1930=AXIS2_PLACEMENT_3D('',#2819,#2207,#2208);
#1931=AXIS2_PLACEMENT_3D('',#2823,#2210,#2211);
#1932=AXIS2_PLACEMENT_3D('',#2827,#2213,#2214);
#1933=AXIS2_PLACEMENT_3D('',#2829,#2215,#2216);
#1934=AXIS2_PLACEMENT_3D('',#2831,#2217,#2218);
#1935=AXIS2_PLACEMENT_3D('',#2835,#2220,#2221);
#1936=AXIS2_PLACEMENT_3D('',#2839,#2223,#2224);
#1937=AXIS2_PLACEMENT_3D('',#2841,#2225,#2226);
#1938=AXIS2_PLACEMENT_3D('',#2843,#2227,#2228);
#1939=AXIS2_PLACEMENT_3D('',#2847,#2230,#2231);
#1940=AXIS2_PLACEMENT_3D('',#2851,#2233,#2234);
#1941=AXIS2_PLACEMENT_3D('',#2853,#2235,#2236);
#1942=AXIS2_PLACEMENT_3D('',#2855,#2237,#2238);
#1943=AXIS2_PLACEMENT_3D('',#2859,#2240,#2241);
#1944=AXIS2_PLACEMENT_3D('',#2863,#2243,#2244);
#1945=AXIS2_PLACEMENT_3D('',#2865,#2245,#2246);
#1946=AXIS2_PLACEMENT_3D('',#2867,#2247,#2248);
#1947=AXIS2_PLACEMENT_3D('',#2871,#2250,#2251);
#1948=AXIS2_PLACEMENT_3D('',#2875,#2253,#2254);
#1949=AXIS2_PLACEMENT_3D('',#2877,#2255,#2256);
#1950=AXIS2_PLACEMENT_3D('',#2879,#2257,#2258);
#1951=AXIS2_PLACEMENT_3D('',#2883,#2260,#2261);
#1952=AXIS2_PLACEMENT_3D('',#2887,#2263,#2264);
#1953=AXIS2_PLACEMENT_3D('',#2889,#2265,#2266);
#1954=AXIS2_PLACEMENT_3D('',#2891,#2267,#2268);
#1955=AXIS2_PLACEMENT_3D('',#2895,#2270,#2271);
#1956=AXIS2_PLACEMENT_3D('',#2899,#2273,#2274);
#1957=AXIS2_PLACEMENT_3D('',#2901,#2275,#2276);
#1958=AXIS2_PLACEMENT_3D('',#2903,#2277,#2278);
#1959=AXIS2_PLACEMENT_3D('',#2907,#2280,#2281);
#1960=AXIS2_PLACEMENT_3D('',#2911,#2283,#2284);
#1961=AXIS2_PLACEMENT_3D('',#2913,#2285,#2286);
#1962=AXIS2_PLACEMENT_3D('',#2915,#2287,#2288);
#1963=AXIS2_PLACEMENT_3D('',#2919,#2290,#2291);
#1964=AXIS2_PLACEMENT_3D('',#2923,#2293,#2294);
#1965=AXIS2_PLACEMENT_3D('',#2925,#2295,#2296);
#1966=AXIS2_PLACEMENT_3D('',#2927,#2297,#2298);
#1967=AXIS2_PLACEMENT_3D('',#2929,#2300,#2301);
#1968=AXIS2_PLACEMENT_3D('',#2933,#2303,#2304);
#1969=AXIS2_PLACEMENT_3D('',#2935,#2306,#2307);
#1970=AXIS2_PLACEMENT_3D('',#2938,#2309,#2310);
#1971=AXIS2_PLACEMENT_3D('',#2939,#2311,#2312);
#1972=AXIS2_PLACEMENT_3D('',#2942,#2314,#2315);
#1973=AXIS2_PLACEMENT_3D('',#2943,#2316,#2317);
#1974=AXIS2_PLACEMENT_3D('',#2947,#2320,#2321);
#1975=AXIS2_PLACEMENT_3D('',#2950,#2323,#2324);
#1976=AXIS2_PLACEMENT_3D('',#2951,#2325,#2326);
#1977=AXIS2_PLACEMENT_3D('',#2955,#2329,#2330);
#1978=AXIS2_PLACEMENT_3D('',#2958,#2332,#2333);
#1979=AXIS2_PLACEMENT_3D('',#2959,#2334,#2335);
#1980=AXIS2_PLACEMENT_3D('',#2962,#2337,#2338);
#1981=AXIS2_PLACEMENT_3D('',#2963,#2339,#2340);
#1982=AXIS2_PLACEMENT_3D('',#2966,#2342,#2343);
#1983=AXIS2_PLACEMENT_3D('',#2967,#2344,#2345);
#1984=AXIS2_PLACEMENT_3D('',#2971,#2348,#2349);
#1985=AXIS2_PLACEMENT_3D('',#2974,#2351,#2352);
#1986=AXIS2_PLACEMENT_3D('',#2975,#2353,#2354);
#1987=AXIS2_PLACEMENT_3D('',#2979,#2357,#2358);
#1988=AXIS2_PLACEMENT_3D('',#2982,#2360,#2361);
#1989=AXIS2_PLACEMENT_3D('',#2983,#2362,#2363);
#1990=AXIS2_PLACEMENT_3D('',#2986,#2365,#2366);
#1991=AXIS2_PLACEMENT_3D('',#2987,#2367,#2368);
#1992=AXIS2_PLACEMENT_3D('',#2990,#2370,#2371);
#1993=AXIS2_PLACEMENT_3D('',#2991,#2372,#2373);
#1994=AXIS2_PLACEMENT_3D('',#2995,#2376,#2377);
#1995=AXIS2_PLACEMENT_3D('',#2998,#2379,#2380);
#1996=AXIS2_PLACEMENT_3D('',#2999,#2381,#2382);
#1997=AXIS2_PLACEMENT_3D('',#3003,#2385,#2386);
#1998=AXIS2_PLACEMENT_3D('',#3006,#2388,#2389);
#1999=AXIS2_PLACEMENT_3D('',#3007,#2390,#2391);
#2000=AXIS2_PLACEMENT_3D('',#3010,#2393,#2394);
#2001=AXIS2_PLACEMENT_3D('',#3011,#2395,#2396);
#2002=AXIS2_PLACEMENT_3D('',#3014,#2398,#2399);
#2003=AXIS2_PLACEMENT_3D('',#3015,#2400,#2401);
#2004=AXIS2_PLACEMENT_3D('',#3019,#2404,#2405);
#2005=AXIS2_PLACEMENT_3D('',#3022,#2407,#2408);
#2006=AXIS2_PLACEMENT_3D('',#3023,#2409,#2410);
#2007=AXIS2_PLACEMENT_3D('',#3027,#2413,#2414);
#2008=AXIS2_PLACEMENT_3D('',#3030,#2416,#2417);
#2009=AXIS2_PLACEMENT_3D('',#3031,#2418,#2419);
#2010=AXIS2_PLACEMENT_3D('',#3034,#2421,#2422);
#2011=AXIS2_PLACEMENT_3D('',#3035,#2423,#2424);
#2012=AXIS2_PLACEMENT_3D('',#3038,#2426,#2427);
#2013=AXIS2_PLACEMENT_3D('',#3039,#2428,#2429);
#2014=AXIS2_PLACEMENT_3D('',#3043,#2432,#2433);
#2015=AXIS2_PLACEMENT_3D('',#3046,#2435,#2436);
#2016=AXIS2_PLACEMENT_3D('',#3047,#2437,#2438);
#2017=AXIS2_PLACEMENT_3D('',#3051,#2441,#2442);
#2018=AXIS2_PLACEMENT_3D('',#3054,#2444,#2445);
#2019=AXIS2_PLACEMENT_3D('',#3055,#2446,#2447);
#2020=AXIS2_PLACEMENT_3D('',#3058,#2449,#2450);
#2021=AXIS2_PLACEMENT_3D('',#3059,#2451,#2452);
#2022=AXIS2_PLACEMENT_3D('',#3062,#2454,#2455);
#2023=AXIS2_PLACEMENT_3D('',#3063,#2456,#2457);
#2024=AXIS2_PLACEMENT_3D('',#3067,#2460,#2461);
#2025=AXIS2_PLACEMENT_3D('',#3070,#2463,#2464);
#2026=AXIS2_PLACEMENT_3D('',#3071,#2465,#2466);
#2027=AXIS2_PLACEMENT_3D('',#3075,#2469,#2470);
#2028=AXIS2_PLACEMENT_3D('',#3078,#2472,#2473);
#2029=AXIS2_PLACEMENT_3D('',#3079,#2474,#2475);
#2030=AXIS2_PLACEMENT_3D('',#3082,#2477,#2478);
#2031=AXIS2_PLACEMENT_3D('',#3083,#2479,#2480);
#2032=AXIS2_PLACEMENT_3D('',#3086,#2482,#2483);
#2033=AXIS2_PLACEMENT_3D('',#3087,#2484,#2485);
#2034=AXIS2_PLACEMENT_3D('',#3091,#2488,#2489);
#2035=AXIS2_PLACEMENT_3D('',#3094,#2491,#2492);
#2036=AXIS2_PLACEMENT_3D('',#3095,#2493,#2494);
#2037=AXIS2_PLACEMENT_3D('',#3099,#2497,#2498);
#2038=AXIS2_PLACEMENT_3D('',#3102,#2500,#2501);
#2039=AXIS2_PLACEMENT_3D('',#3103,#2502,#2503);
#2040=AXIS2_PLACEMENT_3D('',#3106,#2505,#2506);
#2041=AXIS2_PLACEMENT_3D('',#3107,#2507,#2508);
#2042=AXIS2_PLACEMENT_3D('',#3110,#2510,#2511);
#2043=AXIS2_PLACEMENT_3D('',#3111,#2512,#2513);
#2044=AXIS2_PLACEMENT_3D('',#3115,#2516,#2517);
#2045=AXIS2_PLACEMENT_3D('',#3119,#2519,#2520);
#2046=AXIS2_PLACEMENT_3D('',#3121,#2522,#2523);
#2047=AXIS2_PLACEMENT_3D('',#3125,#2526,#2527);
#2048=AXIS2_PLACEMENT_3D('',#3127,#2528,#2529);
#2049=AXIS2_PLACEMENT_3D('',#3129,#2531,#2532);
#2050=AXIS2_PLACEMENT_3D('',#3131,#2533,#2534);
#2051=AXIS2_PLACEMENT_3D('',#3133,#2536,#2537);
#2052=AXIS2_PLACEMENT_3D('',#3135,#2538,#2539);
#2053=AXIS2_PLACEMENT_3D('',#3137,#2541,#2542);
#2054=AXIS2_PLACEMENT_3D('',#3141,#2545,#2546);
#2055=AXIS2_PLACEMENT_3D('',#3145,#2548,#2549);
#2056=AXIS2_PLACEMENT_3D('',#3147,#2551,#2552);
#2057=AXIS2_PLACEMENT_3D('',#3151,#2555,#2556);
#2058=AXIS2_PLACEMENT_3D('',#3153,#2557,#2558);
#2059=AXIS2_PLACEMENT_3D('',#3155,#2560,#2561);
#2060=AXIS2_PLACEMENT_3D('',#3157,#2562,#2563);
#2061=AXIS2_PLACEMENT_3D('',#3159,#2565,#2566);
#2062=AXIS2_PLACEMENT_3D('',#3161,#2567,#2568);
#2063=AXIS2_PLACEMENT_3D('',#3163,#2570,#2571);
#2064=AXIS2_PLACEMENT_3D('',#3165,#2573,#2574);
#2065=AXIS2_PLACEMENT_3D('',#3169,#2576,#2577);
#2066=AXIS2_PLACEMENT_3D('',#3171,#2579,#2580);
#2067=AXIS2_PLACEMENT_3D('',#3175,#2583,#2584);
#2068=AXIS2_PLACEMENT_3D('',#3177,#2585,#2586);
#2069=AXIS2_PLACEMENT_3D('',#3179,#2588,#2589);
#2070=AXIS2_PLACEMENT_3D('',#3181,#2590,#2591);
#2071=AXIS2_PLACEMENT_3D('',#3183,#2593,#2594);
#2072=AXIS2_PLACEMENT_3D('',#3185,#2595,#2596);
#2073=AXIS2_PLACEMENT_3D('',#3187,#2598,#2599);
#2074=AXIS2_PLACEMENT_3D('',#3189,#2601,#2602);
#2075=AXIS2_PLACEMENT_3D('',#3193,#2604,#2605);
#2076=AXIS2_PLACEMENT_3D('',#3195,#2607,#2608);
#2077=AXIS2_PLACEMENT_3D('',#3199,#2611,#2612);
#2078=AXIS2_PLACEMENT_3D('',#3201,#2613,#2614);
#2079=AXIS2_PLACEMENT_3D('',#3203,#2616,#2617);
#2080=AXIS2_PLACEMENT_3D('',#3205,#2618,#2619);
#2081=AXIS2_PLACEMENT_3D('',#3207,#2621,#2622);
#2082=AXIS2_PLACEMENT_3D('',#3209,#2623,#2624);
#2083=AXIS2_PLACEMENT_3D('',#3211,#2626,#2627);
#2084=AXIS2_PLACEMENT_3D('',#3213,#2629,#2630);
#2085=AXIS2_PLACEMENT_3D('',#3217,#2632,#2633);
#2086=AXIS2_PLACEMENT_3D('',#3219,#2635,#2636);
#2087=AXIS2_PLACEMENT_3D('',#3223,#2639,#2640);
#2088=AXIS2_PLACEMENT_3D('',#3225,#2641,#2642);
#2089=AXIS2_PLACEMENT_3D('',#3227,#2644,#2645);
#2090=AXIS2_PLACEMENT_3D('',#3229,#2646,#2647);
#2091=AXIS2_PLACEMENT_3D('',#3231,#2649,#2650);
#2092=AXIS2_PLACEMENT_3D('',#3233,#2651,#2652);
#2093=AXIS2_PLACEMENT_3D('',#3235,#2654,#2655);
#2094=AXIS2_PLACEMENT_3D('',#3237,#2657,#2658);
#2095=AXIS2_PLACEMENT_3D('',#3241,#2660,#2661);
#2096=AXIS2_PLACEMENT_3D('',#3243,#2663,#2664);
#2097=AXIS2_PLACEMENT_3D('',#3247,#2667,#2668);
#2098=AXIS2_PLACEMENT_3D('',#3249,#2669,#2670);
#2099=AXIS2_PLACEMENT_3D('',#3251,#2672,#2673);
#2100=AXIS2_PLACEMENT_3D('',#3253,#2674,#2675);
#2101=AXIS2_PLACEMENT_3D('',#3255,#2677,#2678);
#2102=AXIS2_PLACEMENT_3D('',#3257,#2679,#2680);
#2103=AXIS2_PLACEMENT_3D('',#3259,#2682,#2683);
#2104=AXIS2_PLACEMENT_3D('',#3261,#2685,#2686);
#2105=AXIS2_PLACEMENT_3D('',#3265,#2688,#2689);
#2106=AXIS2_PLACEMENT_3D('',#3267,#2691,#2692);
#2107=AXIS2_PLACEMENT_3D('',#3271,#2695,#2696);
#2108=AXIS2_PLACEMENT_3D('',#3273,#2697,#2698);
#2109=AXIS2_PLACEMENT_3D('',#3275,#2700,#2701);
#2110=AXIS2_PLACEMENT_3D('',#3277,#2702,#2703);
#2111=AXIS2_PLACEMENT_3D('',#3279,#2705,#2706);
#2112=AXIS2_PLACEMENT_3D('',#3281,#2707,#2708);
#2113=AXIS2_PLACEMENT_3D('',#3283,#2710,#2711);
#2114=AXIS2_PLACEMENT_3D('',#3285,#2713,#2714);
#2115=AXIS2_PLACEMENT_3D('',#3287,#2716,#2717);
#2116=AXIS2_PLACEMENT_3D('',#3288,#2718,#2719);
#2117=AXIS2_PLACEMENT_3D('',#3289,#2720,#2721);
#2118=DIRECTION('axis',(0.,0.,1.));
#2119=DIRECTION('refdir',(1.,0.,0.));
#2120=DIRECTION('center_axis',(0.,0.,1.));
#2121=DIRECTION('ref_axis',(1.,0.,0.));
#2122=DIRECTION('center_axis',(0.,0.,1.));
#2123=DIRECTION('ref_axis',(1.,0.,0.));
#2124=DIRECTION('',(0.,0.,-1.));
#2125=DIRECTION('center_axis',(0.,0.,1.));
#2126=DIRECTION('ref_axis',(1.,0.,0.));
#2127=DIRECTION('center_axis',(0.,0.,1.));
#2128=DIRECTION('ref_axis',(1.,0.,0.));
#2129=DIRECTION('',(0.999999836401047,0.00057201213176412,0.));
#2130=DIRECTION('center_axis',(0.,0.,-1.));
#2131=DIRECTION('ref_axis',(-1.,0.,0.));
#2132=DIRECTION('center_axis',(0.,0.,-1.));
#2133=DIRECTION('ref_axis',(-1.,0.,0.));
#2134=DIRECTION('center_axis',(0.,0.,-1.));
#2135=DIRECTION('ref_axis',(-1.,0.,0.));
#2136=DIRECTION('',(0.,0.,-1.));
#2137=DIRECTION('',(0.,0.,-1.));
#2138=DIRECTION('center_axis',(0.,0.,-1.));
#2139=DIRECTION('ref_axis',(-1.,0.,0.));
#2140=DIRECTION('',(0.,0.,1.));
#2141=DIRECTION('center_axis',(0.,0.,1.));
#2142=DIRECTION('ref_axis',(1.,0.,0.));
#2143=DIRECTION('center_axis',(-0.00057201213176412,0.999999836401047,0.));
#2144=DIRECTION('ref_axis',(0.999999836401047,0.00057201213176412,0.));
#2145=DIRECTION('',(0.999999836401047,0.00057201213176412,0.));
#2146=DIRECTION('center_axis',(0.,0.,-1.));
#2147=DIRECTION('ref_axis',(1.,0.,0.));
#2148=DIRECTION('center_axis',(0.,0.,1.));
#2149=DIRECTION('ref_axis',(-1.,0.,0.));
#2150=DIRECTION('center_axis',(0.,0.,1.));
#2151=DIRECTION('ref_axis',(-1.,0.,0.));
#2152=DIRECTION('',(-0.227109826337508,-0.973869152802853,0.));
#2153=DIRECTION('center_axis',(0.,0.,1.));
#2154=DIRECTION('ref_axis',(1.,0.,0.));
#2155=DIRECTION('center_axis',(0.,0.,1.));
#2156=DIRECTION('ref_axis',(1.,0.,0.));
#2157=DIRECTION('center_axis',(0.,0.,1.));
#2158=DIRECTION('ref_axis',(1.,0.,0.));
#2159=DIRECTION('',(-0.227109826337509,0.973869152802853,0.));
#2160=DIRECTION('center_axis',(0.,0.,1.));
#2161=DIRECTION('ref_axis',(-1.,0.,0.));
#2162=DIRECTION('',(-0.603583420242737,-0.797299852507248,0.));
#2163=DIRECTION('center_axis',(0.,0.,1.));
#2164=DIRECTION('ref_axis',(0.913545457642601,-0.406736643075801,0.));
#2165=DIRECTION('center_axis',(0.,0.,1.));
#2166=DIRECTION('ref_axis',(0.913545457642601,-0.406736643075801,0.));
#2167=DIRECTION('center_axis',(0.,0.,1.));
#2168=DIRECTION('ref_axis',(0.913545457642601,-0.406736643075801,0.));
#2169=DIRECTION('',(0.188633119769476,0.982047629255341,0.));
#2170=DIRECTION('center_axis',(0.,0.,1.));
#2171=DIRECTION('ref_axis',(-1.,0.,0.));
#2172=DIRECTION('',(-0.875691957404767,-0.48287016447137,0.));
#2173=DIRECTION('center_axis',(0.,0.,1.));
#2174=DIRECTION('ref_axis',(0.669130606358857,-0.743144825477395,0.));
#2175=DIRECTION('center_axis',(0.,0.,1.));
#2176=DIRECTION('ref_axis',(0.669130606358857,-0.743144825477395,0.));
#2177=DIRECTION('center_axis',(0.,0.,1.));
#2178=DIRECTION('ref_axis',(0.669130606358857,-0.743144825477395,0.));
#2179=DIRECTION('',(0.571759685790223,0.820421148986949,0.));
#2180=DIRECTION('center_axis',(0.,0.,1.));
#2181=DIRECTION('ref_axis',(-1.,0.,0.));
#2182=DIRECTION('',(-0.996385399719827,-0.0849478382606634,0.));
#2183=DIRECTION('center_axis',(0.,0.,1.));
#2184=DIRECTION('ref_axis',(0.309016994374945,-0.951056516295154,0.));
#2185=DIRECTION('center_axis',(0.,0.,1.));
#2186=DIRECTION('ref_axis',(0.309016994374945,-0.951056516295154,0.));
#2187=DIRECTION('center_axis',(0.,0.,1.));
#2188=DIRECTION('ref_axis',(0.309016994374945,-0.951056516295154,0.));
#2189=DIRECTION('',(0.856023807864162,0.51693639876656,0.));
#2190=DIRECTION('center_axis',(0.,0.,1.));
#2191=DIRECTION('ref_axis',(-1.,0.,0.));
#2192=DIRECTION('',(-0.944794754546143,0.327662740912196,0.));
#2193=DIRECTION('center_axis',(0.,0.,1.));
#2194=DIRECTION('ref_axis',(-0.104528463267657,-0.994521895368273,0.));
#2195=DIRECTION('center_axis',(0.,0.,1.));
#2196=DIRECTION('ref_axis',(-0.104528463267657,-0.994521895368273,0.));
#2197=DIRECTION('center_axis',(0.,0.,1.));
#2198=DIRECTION('ref_axis',(-0.104528463267657,-0.994521895368273,0.));
#2199=DIRECTION('',(0.992273636826232,0.124068648979681,0.));
#2200=DIRECTION('center_axis',(0.,0.,1.));
#2201=DIRECTION('ref_axis',(-1.,0.,0.));
#2202=DIRECTION('',(-0.729840513120543,0.683617455458784,0.));
#2203=DIRECTION('center_axis',(0.,0.,1.));
#2204=DIRECTION('ref_axis',(-0.500000000000004,-0.866025403784436,0.));
#2205=DIRECTION('center_axis',(0.,0.,1.));
#2206=DIRECTION('ref_axis',(-0.500000000000004,-0.866025403784436,0.));
#2207=DIRECTION('center_axis',(0.,0.,1.));
#2208=DIRECTION('ref_axis',(-0.500000000000004,-0.866025403784436,0.));
#2209=DIRECTION('',(0.956950339458053,-0.290251697344076,0.));
#2210=DIRECTION('center_axis',(0.,0.,1.));
#2211=DIRECTION('ref_axis',(-1.,0.,0.));
#2212=DIRECTION('',(-0.38869021658349,0.921368501486935,0.));
#2213=DIRECTION('center_axis',(0.,0.,1.));
#2214=DIRECTION('ref_axis',(-0.80901699437495,-0.587785252292469,0.));
#2215=DIRECTION('center_axis',(0.,0.,1.));
#2216=DIRECTION('ref_axis',(-0.80901699437495,-0.587785252292469,0.));
#2217=DIRECTION('center_axis',(0.,0.,1.));
#2218=DIRECTION('ref_axis',(-0.809016994374951,-0.587785252292469,0.));
#2219=DIRECTION('',(0.756161634776666,-0.654384888343152,0.));
#2220=DIRECTION('center_axis',(0.,0.,1.));
#2221=DIRECTION('ref_axis',(-1.,0.,0.));
#2222=DIRECTION('',(0.0196681495406114,0.999806563237934,0.));
#2223=DIRECTION('center_axis',(0.,0.,1.));
#2224=DIRECTION('ref_axis',(-0.978147600733807,-0.207911690817753,0.));
#2225=DIRECTION('center_axis',(0.,0.,1.));
#2226=DIRECTION('ref_axis',(-0.978147600733807,-0.207911690817753,0.));
#2227=DIRECTION('center_axis',(0.,0.,1.));
#2228=DIRECTION('ref_axis',(-0.978147600733807,-0.207911690817753,0.));
#2229=DIRECTION('',(0.4246257139296,-0.905368987247618,0.));
#2230=DIRECTION('center_axis',(0.,0.,1.));
#2231=DIRECTION('ref_axis',(-1.,0.,0.));
#2232=DIRECTION('',(0.424625713929612,0.905368987247613,0.));
#2233=DIRECTION('center_axis',(0.,0.,1.));
#2234=DIRECTION('ref_axis',(-0.978147600733804,0.207911690817766,0.));
#2235=DIRECTION('center_axis',(0.,0.,1.));
#2236=DIRECTION('ref_axis',(-0.978147600733804,0.207911690817766,0.));
#2237=DIRECTION('center_axis',(0.,0.,1.));
#2238=DIRECTION('ref_axis',(-0.978147600733804,0.207911690817766,0.));
#2239=DIRECTION('',(0.019668149540598,-0.999806563237934,0.));
#2240=DIRECTION('center_axis',(0.,0.,1.));
#2241=DIRECTION('ref_axis',(-1.,0.,0.));
#2242=DIRECTION('',(0.756161634776675,0.654384888343142,0.));
#2243=DIRECTION('center_axis',(0.,0.,1.));
#2244=DIRECTION('ref_axis',(-0.809016994374943,0.58778525229248,0.));
#2245=DIRECTION('center_axis',(0.,0.,1.));
#2246=DIRECTION('ref_axis',(-0.809016994374943,0.58778525229248,0.));
#2247=DIRECTION('center_axis',(0.,0.,1.));
#2248=DIRECTION('ref_axis',(-0.809016994374943,0.58778525229248,0.));
#2249=DIRECTION('',(-0.388690216583502,-0.92136850148693,0.));
#2250=DIRECTION('center_axis',(0.,0.,1.));
#2251=DIRECTION('ref_axis',(-1.,0.,0.));
#2252=DIRECTION('',(0.956950339458057,0.290251697344063,0.));
#2253=DIRECTION('center_axis',(0.,0.,1.));
#2254=DIRECTION('ref_axis',(-0.499999999999992,0.866025403784443,0.));
#2255=DIRECTION('center_axis',(0.,0.,1.));
#2256=DIRECTION('ref_axis',(-0.499999999999992,0.866025403784443,0.));
#2257=DIRECTION('center_axis',(0.,0.,1.));
#2258=DIRECTION('ref_axis',(-0.499999999999992,0.866025403784443,0.));
#2259=DIRECTION('',(-0.729840513120552,-0.683617455458774,0.));
#2260=DIRECTION('center_axis',(0.,0.,1.));
#2261=DIRECTION('ref_axis',(-1.,0.,0.));
#2262=DIRECTION('',(0.99227363682623,-0.124068648979694,0.));
#2263=DIRECTION('center_axis',(0.,0.,1.));
#2264=DIRECTION('ref_axis',(-0.104528463267644,0.994521895368274,0.));
#2265=DIRECTION('center_axis',(0.,0.,1.));
#2266=DIRECTION('ref_axis',(-0.104528463267644,0.994521895368274,0.));
#2267=DIRECTION('center_axis',(0.,0.,1.));
#2268=DIRECTION('ref_axis',(-0.104528463267644,0.994521895368275,0.));
#2269=DIRECTION('',(-0.944794754546148,-0.327662740912183,0.));
#2270=DIRECTION('center_axis',(0.,0.,1.));
#2271=DIRECTION('ref_axis',(-1.,0.,0.));
#2272=DIRECTION('',(0.856023807864155,-0.516936398766571,0.));
#2273=DIRECTION('center_axis',(0.,0.,1.));
#2274=DIRECTION('ref_axis',(0.309016994374957,0.95105651629515,0.));
#2275=DIRECTION('center_axis',(0.,0.,1.));
#2276=DIRECTION('ref_axis',(0.309016994374957,0.95105651629515,0.));
#2277=DIRECTION('center_axis',(0.,0.,1.));
#2278=DIRECTION('ref_axis',(0.309016994374957,0.95105651629515,0.));
#2279=DIRECTION('',(-0.996385399719826,0.0849478382606763,0.));
#2280=DIRECTION('center_axis',(0.,0.,1.));
#2281=DIRECTION('ref_axis',(-1.,0.,0.));
#2282=DIRECTION('',(0.571759685790212,-0.820421148986956,0.));
#2283=DIRECTION('center_axis',(0.,0.,1.));
#2284=DIRECTION('ref_axis',(0.669130606358867,0.743144825477386,0.));
#2285=DIRECTION('center_axis',(0.,0.,1.));
#2286=DIRECTION('ref_axis',(0.669130606358867,0.743144825477386,0.));
#2287=DIRECTION('center_axis',(0.,0.,1.));
#2288=DIRECTION('ref_axis',(0.669130606358867,0.743144825477386,0.));
#2289=DIRECTION('',(-0.87569195740476,0.482870164471382,0.));
#2290=DIRECTION('center_axis',(0.,0.,1.));
#2291=DIRECTION('ref_axis',(-1.,0.,0.));
#2292=DIRECTION('',(0.188633119769463,-0.982047629255343,0.));
#2293=DIRECTION('center_axis',(0.,0.,1.));
#2294=DIRECTION('ref_axis',(0.913545457642606,0.406736643075789,0.));
#2295=DIRECTION('center_axis',(0.,0.,1.));
#2296=DIRECTION('ref_axis',(0.913545457642606,0.406736643075789,0.));
#2297=DIRECTION('center_axis',(0.,0.,1.));
#2298=DIRECTION('ref_axis',(0.913545457642606,0.406736643075789,0.));
#2299=DIRECTION('',(-0.603583420242727,0.797299852507256,0.));
#2300=DIRECTION('center_axis',(0.,0.,1.));
#2301=DIRECTION('ref_axis',(-0.978147600733807,-0.207911690817753,0.));
#2302=DIRECTION('',(0.,0.,1.));
#2303=DIRECTION('center_axis',(0.,0.,1.));
#2304=DIRECTION('ref_axis',(-0.978147600733807,-0.207911690817753,0.));
#2305=DIRECTION('',(0.,0.,1.));
#2306=DIRECTION('center_axis',(0.,0.,1.));
#2307=DIRECTION('ref_axis',(-0.978147600733807,-0.207911690817753,0.));
#2308=DIRECTION('',(0.,0.,1.));
#2309=DIRECTION('center_axis',(0.,0.,1.));
#2310=DIRECTION('ref_axis',(-0.978147600733807,-0.207911690817753,0.));
#2311=DIRECTION('center_axis',(0.,0.,1.));
#2312=DIRECTION('ref_axis',(-0.978147600733807,-0.207911690817753,0.));
#2313=DIRECTION('',(0.,0.,1.));
#2314=DIRECTION('center_axis',(0.,0.,1.));
#2315=DIRECTION('ref_axis',(0.978147600733807,0.207911690817753,0.));
#2316=DIRECTION('center_axis',(0.999806563237934,-0.0196681495406114,0.));
#2317=DIRECTION('ref_axis',(0.,0.,-1.));
#2318=DIRECTION('',(0.,0.,1.));
#2319=DIRECTION('',(0.0196681495406113,0.999806563237934,0.));
#2320=DIRECTION('center_axis',(0.,0.,-1.));
#2321=DIRECTION('ref_axis',(-1.,0.,0.));
#2322=DIRECTION('',(0.,0.,1.));
#2323=DIRECTION('center_axis',(0.,0.,1.));
#2324=DIRECTION('ref_axis',(1.,0.,0.));
#2325=DIRECTION('center_axis',(-0.654384888343152,-0.756161634776666,0.));
#2326=DIRECTION('ref_axis',(0.,0.,1.));
#2327=DIRECTION('',(0.,0.,1.));
#2328=DIRECTION('',(0.756161634776666,-0.654384888343152,0.));
#2329=DIRECTION('center_axis',(0.,0.,1.));
#2330=DIRECTION('ref_axis',(-0.809016994374951,-0.587785252292469,0.));
#2331=DIRECTION('',(0.,0.,1.));
#2332=DIRECTION('center_axis',(0.,0.,1.));
#2333=DIRECTION('ref_axis',(-0.809016994374951,-0.587785252292469,0.));
#2334=DIRECTION('center_axis',(0.,0.,1.));
#2335=DIRECTION('ref_axis',(-0.80901699437495,-0.587785252292469,0.));
#2336=DIRECTION('',(0.,0.,1.));
#2337=DIRECTION('center_axis',(0.,0.,1.));
#2338=DIRECTION('ref_axis',(-0.80901699437495,-0.587785252292469,0.));
#2339=DIRECTION('center_axis',(0.,0.,1.));
#2340=DIRECTION('ref_axis',(-0.80901699437495,-0.587785252292469,0.));
#2341=DIRECTION('',(0.,0.,1.));
#2342=DIRECTION('center_axis',(0.,0.,1.));
#2343=DIRECTION('ref_axis',(0.80901699437495,0.587785252292469,0.));
#2344=DIRECTION('center_axis',(0.921368501486935,0.38869021658349,0.));
#2345=DIRECTION('ref_axis',(0.,0.,-1.));
#2346=DIRECTION('',(0.,0.,1.));
#2347=DIRECTION('',(-0.38869021658349,0.921368501486935,0.));
#2348=DIRECTION('center_axis',(0.,0.,-1.));
#2349=DIRECTION('ref_axis',(-1.,0.,0.));
#2350=DIRECTION('',(0.,0.,1.));
#2351=DIRECTION('center_axis',(0.,0.,1.));
#2352=DIRECTION('ref_axis',(1.,0.,0.));
#2353=DIRECTION('center_axis',(-0.290251697344076,-0.956950339458053,0.));
#2354=DIRECTION('ref_axis',(0.,0.,-1.));
#2355=DIRECTION('',(0.,0.,1.));
#2356=DIRECTION('',(0.956950339458053,-0.290251697344076,0.));
#2357=DIRECTION('center_axis',(0.,0.,1.));
#2358=DIRECTION('ref_axis',(-0.500000000000004,-0.866025403784436,0.));
#2359=DIRECTION('',(0.,0.,1.));
#2360=DIRECTION('center_axis',(0.,0.,1.));
#2361=DIRECTION('ref_axis',(-0.500000000000004,-0.866025403784436,0.));
#2362=DIRECTION('center_axis',(0.,0.,1.));
#2363=DIRECTION('ref_axis',(-0.500000000000004,-0.866025403784436,0.));
#2364=DIRECTION('',(0.,0.,1.));
#2365=DIRECTION('center_axis',(0.,0.,1.));
#2366=DIRECTION('ref_axis',(-0.500000000000004,-0.866025403784436,0.));
#2367=DIRECTION('center_axis',(0.,0.,1.));
#2368=DIRECTION('ref_axis',(-0.500000000000004,-0.866025403784436,0.));
#2369=DIRECTION('',(0.,0.,1.));
#2370=DIRECTION('center_axis',(0.,0.,1.));
#2371=DIRECTION('ref_axis',(0.500000000000004,0.866025403784436,0.));
#2372=DIRECTION('center_axis',(0.683617455458784,0.729840513120543,0.));
#2373=DIRECTION('ref_axis',(0.,0.,-1.));
#2374=DIRECTION('',(0.,0.,1.));
#2375=DIRECTION('',(-0.729840513120542,0.683617455458785,0.));
#2376=DIRECTION('center_axis',(0.,0.,-1.));
#2377=DIRECTION('ref_axis',(-1.,0.,0.));
#2378=DIRECTION('',(0.,0.,1.));
#2379=DIRECTION('center_axis',(0.,0.,1.));
#2380=DIRECTION('ref_axis',(1.,0.,0.));
#2381=DIRECTION('center_axis',(0.124068648979681,-0.992273636826232,0.));
#2382=DIRECTION('ref_axis',(0.,0.,-1.));
#2383=DIRECTION('',(0.,0.,1.));
#2384=DIRECTION('',(0.992273636826232,0.124068648979681,0.));
#2385=DIRECTION('center_axis',(0.,0.,1.));
#2386=DIRECTION('ref_axis',(-0.104528463267657,-0.994521895368273,0.));
#2387=DIRECTION('',(0.,0.,1.));
#2388=DIRECTION('center_axis',(0.,0.,1.));
#2389=DIRECTION('ref_axis',(-0.104528463267657,-0.994521895368273,0.));
#2390=DIRECTION('center_axis',(0.,0.,1.));
#2391=DIRECTION('ref_axis',(-0.104528463267657,-0.994521895368273,0.));
#2392=DIRECTION('',(0.,0.,1.));
#2393=DIRECTION('center_axis',(0.,0.,1.));
#2394=DIRECTION('ref_axis',(-0.104528463267657,-0.994521895368273,0.));
#2395=DIRECTION('center_axis',(0.,0.,1.));
#2396=DIRECTION('ref_axis',(-0.104528463267657,-0.994521895368273,0.));
#2397=DIRECTION('',(0.,0.,1.));
#2398=DIRECTION('center_axis',(0.,0.,1.));
#2399=DIRECTION('ref_axis',(0.104528463267657,0.994521895368273,0.));
#2400=DIRECTION('center_axis',(0.327662740912196,0.944794754546143,0.));
#2401=DIRECTION('ref_axis',(0.,0.,1.));
#2402=DIRECTION('',(0.,0.,1.));
#2403=DIRECTION('',(-0.944794754546143,0.327662740912196,0.));
#2404=DIRECTION('center_axis',(0.,0.,-1.));
#2405=DIRECTION('ref_axis',(-1.,0.,0.));
#2406=DIRECTION('',(0.,0.,1.));
#2407=DIRECTION('center_axis',(0.,0.,1.));
#2408=DIRECTION('ref_axis',(1.,0.,0.));
#2409=DIRECTION('center_axis',(0.51693639876656,-0.856023807864162,0.));
#2410=DIRECTION('ref_axis',(0.,0.,-1.));
#2411=DIRECTION('',(0.,0.,1.));
#2412=DIRECTION('',(0.856023807864162,0.51693639876656,0.));
#2413=DIRECTION('center_axis',(0.,0.,1.));
#2414=DIRECTION('ref_axis',(0.309016994374945,-0.951056516295154,0.));
#2415=DIRECTION('',(0.,0.,1.));
#2416=DIRECTION('center_axis',(0.,0.,1.));
#2417=DIRECTION('ref_axis',(0.309016994374945,-0.951056516295154,0.));
#2418=DIRECTION('center_axis',(0.,0.,1.));
#2419=DIRECTION('ref_axis',(0.309016994374945,-0.951056516295154,0.));
#2420=DIRECTION('',(0.,0.,1.));
#2421=DIRECTION('center_axis',(0.,0.,1.));
#2422=DIRECTION('ref_axis',(0.309016994374945,-0.951056516295154,0.));
#2423=DIRECTION('center_axis',(0.,0.,1.));
#2424=DIRECTION('ref_axis',(0.309016994374945,-0.951056516295154,0.));
#2425=DIRECTION('',(0.,0.,1.));
#2426=DIRECTION('center_axis',(0.,0.,1.));
#2427=DIRECTION('ref_axis',(-0.309016994374945,0.951056516295154,0.));
#2428=DIRECTION('center_axis',(-0.0849478382606634,0.996385399719827,0.));
#2429=DIRECTION('ref_axis',(0.,0.,1.));
#2430=DIRECTION('',(0.,0.,1.));
#2431=DIRECTION('',(-0.996385399719827,-0.0849478382606633,0.));
#2432=DIRECTION('center_axis',(0.,0.,-1.));
#2433=DIRECTION('ref_axis',(-1.,0.,0.));
#2434=DIRECTION('',(0.,0.,1.));
#2435=DIRECTION('center_axis',(0.,0.,1.));
#2436=DIRECTION('ref_axis',(1.,0.,0.));
#2437=DIRECTION('center_axis',(0.820421148986949,-0.571759685790223,0.));
#2438=DIRECTION('ref_axis',(0.,0.,-1.));
#2439=DIRECTION('',(0.,0.,1.));
#2440=DIRECTION('',(0.571759685790223,0.820421148986949,0.));
#2441=DIRECTION('center_axis',(0.,0.,1.));
#2442=DIRECTION('ref_axis',(0.669130606358857,-0.743144825477395,0.));
#2443=DIRECTION('',(0.,0.,1.));
#2444=DIRECTION('center_axis',(0.,0.,1.));
#2445=DIRECTION('ref_axis',(0.669130606358857,-0.743144825477395,0.));
#2446=DIRECTION('center_axis',(0.,0.,1.));
#2447=DIRECTION('ref_axis',(0.669130606358857,-0.743144825477395,0.));
#2448=DIRECTION('',(0.,0.,1.));
#2449=DIRECTION('center_axis',(0.,0.,1.));
#2450=DIRECTION('ref_axis',(0.669130606358857,-0.743144825477395,0.));
#2451=DIRECTION('center_axis',(0.,0.,1.));
#2452=DIRECTION('ref_axis',(0.669130606358857,-0.743144825477395,0.));
#2453=DIRECTION('',(0.,0.,1.));
#2454=DIRECTION('center_axis',(0.,0.,1.));
#2455=DIRECTION('ref_axis',(-0.669130606358857,0.743144825477395,0.));
#2456=DIRECTION('center_axis',(-0.48287016447137,0.875691957404767,0.));
#2457=DIRECTION('ref_axis',(0.,0.,1.));
#2458=DIRECTION('',(0.,0.,1.));
#2459=DIRECTION('',(-0.875691957404767,-0.48287016447137,0.));
#2460=DIRECTION('center_axis',(0.,0.,-1.));
#2461=DIRECTION('ref_axis',(-1.,0.,0.));
#2462=DIRECTION('',(0.,0.,1.));
#2463=DIRECTION('center_axis',(0.,0.,1.));
#2464=DIRECTION('ref_axis',(1.,0.,0.));
#2465=DIRECTION('center_axis',(0.982047629255341,-0.188633119769476,0.));
#2466=DIRECTION('ref_axis',(0.,0.,-1.));
#2467=DIRECTION('',(0.,0.,1.));
#2468=DIRECTION('',(0.188633119769476,0.98204762925534,0.));
#2469=DIRECTION('center_axis',(0.,0.,1.));
#2470=DIRECTION('ref_axis',(0.913545457642601,-0.406736643075801,0.));
#2471=DIRECTION('',(0.,0.,1.));
#2472=DIRECTION('center_axis',(0.,0.,1.));
#2473=DIRECTION('ref_axis',(0.913545457642601,-0.406736643075801,0.));
#2474=DIRECTION('center_axis',(0.,0.,1.));
#2475=DIRECTION('ref_axis',(0.913545457642601,-0.406736643075801,0.));
#2476=DIRECTION('',(0.,0.,1.));
#2477=DIRECTION('center_axis',(0.,0.,1.));
#2478=DIRECTION('ref_axis',(0.913545457642601,-0.406736643075801,0.));
#2479=DIRECTION('center_axis',(0.,0.,1.));
#2480=DIRECTION('ref_axis',(0.913545457642601,-0.406736643075801,0.));
#2481=DIRECTION('',(0.,0.,1.));
#2482=DIRECTION('center_axis',(0.,0.,1.));
#2483=DIRECTION('ref_axis',(-0.913545457642601,0.406736643075801,0.));
#2484=DIRECTION('center_axis',(-0.797299852507248,0.603583420242737,0.));
#2485=DIRECTION('ref_axis',(0.,0.,1.));
#2486=DIRECTION('',(0.,0.,1.));
#2487=DIRECTION('',(-0.603583420242738,-0.797299852507248,0.));
#2488=DIRECTION('center_axis',(0.,0.,-1.));
#2489=DIRECTION('ref_axis',(-1.,0.,0.));
#2490=DIRECTION('',(0.,0.,1.));
#2491=DIRECTION('center_axis',(0.,0.,1.));
#2492=DIRECTION('ref_axis',(1.,0.,0.));
#2493=DIRECTION('center_axis',(0.973869152802853,0.227109826337509,0.));
#2494=DIRECTION('ref_axis',(0.,0.,-1.));
#2495=DIRECTION('',(0.,0.,1.));
#2496=DIRECTION('',(-0.227109826337508,0.973869152802853,0.));
#2497=DIRECTION('center_axis',(0.,0.,1.));
#2498=DIRECTION('ref_axis',(1.,0.,0.));
#2499=DIRECTION('',(0.,0.,1.));
#2500=DIRECTION('center_axis',(0.,0.,1.));
#2501=DIRECTION('ref_axis',(1.,0.,0.));
#2502=DIRECTION('center_axis',(0.,0.,1.));
#2503=DIRECTION('ref_axis',(1.,0.,0.));
#2504=DIRECTION('',(0.,0.,1.));
#2505=DIRECTION('center_axis',(0.,0.,1.));
#2506=DIRECTION('ref_axis',(1.,0.,0.));
#2507=DIRECTION('center_axis',(0.,0.,1.));
#2508=DIRECTION('ref_axis',(1.,0.,0.));
#2509=DIRECTION('',(0.,0.,1.));
#2510=DIRECTION('center_axis',(0.,0.,1.));
#2511=DIRECTION('ref_axis',(-1.,0.,0.));
#2512=DIRECTION('center_axis',(-0.973869152802853,0.227109826337508,0.));
#2513=DIRECTION('ref_axis',(0.,0.,1.));
#2514=DIRECTION('',(0.,0.,1.));
#2515=DIRECTION('',(-0.227109826337509,-0.973869152802853,0.));
#2516=DIRECTION('center_axis',(0.,0.,-1.));
#2517=DIRECTION('ref_axis',(-1.,0.,0.));
#2518=DIRECTION('',(0.,0.,1.));
#2519=DIRECTION('center_axis',(0.,0.,1.));
#2520=DIRECTION('ref_axis',(1.,0.,0.));
#2521=DIRECTION('',(0.,0.,1.));
#2522=DIRECTION('center_axis',(-0.982047629255343,-0.188633119769463,0.));
#2523=DIRECTION('ref_axis',(0.,0.,1.));
#2524=DIRECTION('',(0.188633119769463,-0.982047629255343,0.));
#2525=DIRECTION('',(0.,0.,1.));
#2526=DIRECTION('center_axis',(0.,0.,1.));
#2527=DIRECTION('ref_axis',(0.913545457642606,0.406736643075789,0.));
#2528=DIRECTION('center_axis',(0.,0.,1.));
#2529=DIRECTION('ref_axis',(-0.913545457642606,-0.406736643075789,0.));
#2530=DIRECTION('',(0.,0.,1.));
#2531=DIRECTION('center_axis',(0.,0.,1.));
#2532=DIRECTION('ref_axis',(0.913545457642606,0.406736643075789,0.));
#2533=DIRECTION('center_axis',(0.,0.,1.));
#2534=DIRECTION('ref_axis',(0.913545457642606,0.406736643075789,0.));
#2535=DIRECTION('',(0.,0.,1.));
#2536=DIRECTION('center_axis',(0.,0.,1.));
#2537=DIRECTION('ref_axis',(0.913545457642606,0.406736643075789,0.));
#2538=DIRECTION('center_axis',(0.,0.,1.));
#2539=DIRECTION('ref_axis',(0.913545457642606,0.406736643075789,0.));
#2540=DIRECTION('',(0.,0.,1.));
#2541=DIRECTION('center_axis',(0.797299852507256,0.603583420242727,0.));
#2542=DIRECTION('ref_axis',(0.,0.,-1.));
#2543=DIRECTION('',(-0.603583420242727,0.797299852507256,0.));
#2544=DIRECTION('',(0.,0.,1.));
#2545=DIRECTION('center_axis',(0.,0.,-1.));
#2546=DIRECTION('ref_axis',(-1.,0.,0.));
#2547=DIRECTION('',(0.,0.,1.));
#2548=DIRECTION('center_axis',(0.,0.,1.));
#2549=DIRECTION('ref_axis',(1.,0.,0.));
#2550=DIRECTION('',(0.,0.,1.));
#2551=DIRECTION('center_axis',(-0.820421148986957,-0.571759685790212,0.));
#2552=DIRECTION('ref_axis',(0.,0.,1.));
#2553=DIRECTION('',(0.571759685790212,-0.820421148986957,0.));
#2554=DIRECTION('',(0.,0.,1.));
#2555=DIRECTION('center_axis',(0.,0.,1.));
#2556=DIRECTION('ref_axis',(0.669130606358867,0.743144825477386,0.));
#2557=DIRECTION('center_axis',(0.,0.,1.));
#2558=DIRECTION('ref_axis',(-0.669130606358867,-0.743144825477386,0.));
#2559=DIRECTION('',(0.,0.,1.));
#2560=DIRECTION('center_axis',(0.,0.,1.));
#2561=DIRECTION('ref_axis',(0.669130606358867,0.743144825477386,0.));
#2562=DIRECTION('center_axis',(0.,0.,1.));
#2563=DIRECTION('ref_axis',(0.669130606358867,0.743144825477386,0.));
#2564=DIRECTION('',(0.,0.,1.));
#2565=DIRECTION('center_axis',(0.,0.,1.));
#2566=DIRECTION('ref_axis',(0.669130606358867,0.743144825477386,0.));
#2567=DIRECTION('center_axis',(0.,0.,1.));
#2568=DIRECTION('ref_axis',(0.669130606358867,0.743144825477386,0.));
#2569=DIRECTION('',(0.,0.,1.));
#2570=DIRECTION('center_axis',(0.482870164471382,0.87569195740476,0.));
#2571=DIRECTION('ref_axis',(0.,0.,1.));
#2572=DIRECTION('',(-0.87569195740476,0.482870164471382,0.));
#2573=DIRECTION('center_axis',(0.,0.,-1.));
#2574=DIRECTION('ref_axis',(-1.,0.,0.));
#2575=DIRECTION('',(0.,0.,1.));
#2576=DIRECTION('center_axis',(0.,0.,1.));
#2577=DIRECTION('ref_axis',(1.,0.,0.));
#2578=DIRECTION('',(0.,0.,1.));
#2579=DIRECTION('center_axis',(-0.516936398766571,-0.856023807864155,0.));
#2580=DIRECTION('ref_axis',(0.,0.,1.));
#2581=DIRECTION('',(0.856023807864155,-0.516936398766572,0.));
#2582=DIRECTION('',(0.,0.,1.));
#2583=DIRECTION('center_axis',(0.,0.,1.));
#2584=DIRECTION('ref_axis',(0.309016994374957,0.95105651629515,0.));
#2585=DIRECTION('center_axis',(0.,0.,1.));
#2586=DIRECTION('ref_axis',(-0.309016994374957,-0.95105651629515,0.));
#2587=DIRECTION('',(0.,0.,1.));
#2588=DIRECTION('center_axis',(0.,0.,1.));
#2589=DIRECTION('ref_axis',(0.309016994374957,0.95105651629515,0.));
#2590=DIRECTION('center_axis',(0.,0.,1.));
#2591=DIRECTION('ref_axis',(0.309016994374957,0.95105651629515,0.));
#2592=DIRECTION('',(0.,0.,1.));
#2593=DIRECTION('center_axis',(0.,0.,1.));
#2594=DIRECTION('ref_axis',(0.309016994374957,0.95105651629515,0.));
#2595=DIRECTION('center_axis',(0.,0.,1.));
#2596=DIRECTION('ref_axis',(0.309016994374957,0.95105651629515,0.));
#2597=DIRECTION('',(0.,0.,1.));
#2598=DIRECTION('center_axis',(0.0849478382606763,0.996385399719826,0.));
#2599=DIRECTION('ref_axis',(0.,0.,1.));
#2600=DIRECTION('',(-0.996385399719826,0.0849478382606766,0.));
#2601=DIRECTION('center_axis',(0.,0.,-1.));
#2602=DIRECTION('ref_axis',(-1.,0.,0.));
#2603=DIRECTION('',(0.,0.,1.));
#2604=DIRECTION('center_axis',(0.,0.,1.));
#2605=DIRECTION('ref_axis',(1.,0.,0.));
#2606=DIRECTION('',(0.,0.,1.));
#2607=DIRECTION('center_axis',(-0.124068648979694,-0.99227363682623,0.));
#2608=DIRECTION('ref_axis',(0.,0.,-1.));
#2609=DIRECTION('',(0.99227363682623,-0.124068648979694,0.));
#2610=DIRECTION('',(0.,0.,1.));
#2611=DIRECTION('center_axis',(0.,0.,1.));
#2612=DIRECTION('ref_axis',(-0.104528463267644,0.994521895368274,0.));
#2613=DIRECTION('center_axis',(0.,0.,1.));
#2614=DIRECTION('ref_axis',(0.104528463267644,-0.994521895368274,0.));
#2615=DIRECTION('',(0.,0.,1.));
#2616=DIRECTION('center_axis',(0.,0.,1.));
#2617=DIRECTION('ref_axis',(-0.104528463267644,0.994521895368274,0.));
#2618=DIRECTION('center_axis',(0.,0.,1.));
#2619=DIRECTION('ref_axis',(-0.104528463267644,0.994521895368274,0.));
#2620=DIRECTION('',(0.,0.,1.));
#2621=DIRECTION('center_axis',(0.,0.,1.));
#2622=DIRECTION('ref_axis',(-0.104528463267644,0.994521895368275,0.));
#2623=DIRECTION('center_axis',(0.,0.,1.));
#2624=DIRECTION('ref_axis',(-0.104528463267644,0.994521895368275,0.));
#2625=DIRECTION('',(0.,0.,1.));
#2626=DIRECTION('center_axis',(-0.327662740912183,0.944794754546148,0.));
#2627=DIRECTION('ref_axis',(0.,0.,1.));
#2628=DIRECTION('',(-0.944794754546148,-0.327662740912183,0.));
#2629=DIRECTION('center_axis',(0.,0.,-1.));
#2630=DIRECTION('ref_axis',(-1.,0.,0.));
#2631=DIRECTION('',(0.,0.,1.));
#2632=DIRECTION('center_axis',(0.,0.,1.));
#2633=DIRECTION('ref_axis',(1.,0.,0.));
#2634=DIRECTION('',(0.,0.,1.));
#2635=DIRECTION('center_axis',(0.290251697344063,-0.956950339458057,0.));
#2636=DIRECTION('ref_axis',(0.,0.,-1.));
#2637=DIRECTION('',(0.956950339458057,0.290251697344063,0.));
#2638=DIRECTION('',(0.,0.,1.));
#2639=DIRECTION('center_axis',(0.,0.,1.));
#2640=DIRECTION('ref_axis',(-0.499999999999992,0.866025403784443,0.));
#2641=DIRECTION('center_axis',(0.,0.,1.));
#2642=DIRECTION('ref_axis',(0.499999999999992,-0.866025403784443,0.));
#2643=DIRECTION('',(0.,0.,1.));
#2644=DIRECTION('center_axis',(0.,0.,1.));
#2645=DIRECTION('ref_axis',(-0.499999999999992,0.866025403784443,0.));
#2646=DIRECTION('center_axis',(0.,0.,1.));
#2647=DIRECTION('ref_axis',(-0.499999999999992,0.866025403784443,0.));
#2648=DIRECTION('',(0.,0.,1.));
#2649=DIRECTION('center_axis',(0.,0.,1.));
#2650=DIRECTION('ref_axis',(-0.499999999999992,0.866025403784443,0.));
#2651=DIRECTION('center_axis',(0.,0.,1.));
#2652=DIRECTION('ref_axis',(-0.499999999999992,0.866025403784443,0.));
#2653=DIRECTION('',(0.,0.,1.));
#2654=DIRECTION('center_axis',(-0.683617455458774,0.729840513120552,0.));
#2655=DIRECTION('ref_axis',(0.,0.,1.));
#2656=DIRECTION('',(-0.729840513120552,-0.683617455458774,0.));
#2657=DIRECTION('center_axis',(0.,0.,-1.));
#2658=DIRECTION('ref_axis',(-1.,0.,0.));
#2659=DIRECTION('',(0.,0.,1.));
#2660=DIRECTION('center_axis',(0.,0.,1.));
#2661=DIRECTION('ref_axis',(1.,0.,0.));
#2662=DIRECTION('',(0.,0.,1.));
#2663=DIRECTION('center_axis',(0.654384888343142,-0.756161634776675,0.));
#2664=DIRECTION('ref_axis',(0.,0.,-1.));
#2665=DIRECTION('',(0.756161634776675,0.654384888343142,0.));
#2666=DIRECTION('',(0.,0.,1.));
#2667=DIRECTION('center_axis',(0.,0.,1.));
#2668=DIRECTION('ref_axis',(-0.809016994374943,0.58778525229248,0.));
#2669=DIRECTION('center_axis',(0.,0.,1.));
#2670=DIRECTION('ref_axis',(0.809016994374943,-0.58778525229248,0.));
#2671=DIRECTION('',(0.,0.,1.));
#2672=DIRECTION('center_axis',(0.,0.,1.));
#2673=DIRECTION('ref_axis',(-0.809016994374943,0.58778525229248,0.));
#2674=DIRECTION('center_axis',(0.,0.,1.));
#2675=DIRECTION('ref_axis',(-0.809016994374943,0.58778525229248,0.));
#2676=DIRECTION('',(0.,0.,1.));
#2677=DIRECTION('center_axis',(0.,0.,1.));
#2678=DIRECTION('ref_axis',(-0.809016994374943,0.58778525229248,0.));
#2679=DIRECTION('center_axis',(0.,0.,1.));
#2680=DIRECTION('ref_axis',(-0.809016994374943,0.58778525229248,0.));
#2681=DIRECTION('',(0.,0.,1.));
#2682=DIRECTION('center_axis',(-0.92136850148693,0.388690216583502,0.));
#2683=DIRECTION('ref_axis',(0.,0.,1.));
#2684=DIRECTION('',(-0.388690216583502,-0.92136850148693,0.));
#2685=DIRECTION('center_axis',(0.,0.,-1.));
#2686=DIRECTION('ref_axis',(-1.,0.,0.));
#2687=DIRECTION('',(0.,0.,1.));
#2688=DIRECTION('center_axis',(0.,0.,1.));
#2689=DIRECTION('ref_axis',(1.,0.,0.));
#2690=DIRECTION('',(0.,0.,1.));
#2691=DIRECTION('center_axis',(0.905368987247613,-0.424625713929612,0.));
#2692=DIRECTION('ref_axis',(0.,0.,-1.));
#2693=DIRECTION('',(0.424625713929612,0.905368987247613,0.));
#2694=DIRECTION('',(0.,0.,1.));
#2695=DIRECTION('center_axis',(0.,0.,1.));
#2696=DIRECTION('ref_axis',(-0.978147600733804,0.207911690817766,0.));
#2697=DIRECTION('center_axis',(0.,0.,1.));
#2698=DIRECTION('ref_axis',(0.978147600733804,-0.207911690817766,0.));
#2699=DIRECTION('',(0.,0.,1.));
#2700=DIRECTION('center_axis',(0.,0.,1.));
#2701=DIRECTION('ref_axis',(-0.978147600733804,0.207911690817766,0.));
#2702=DIRECTION('center_axis',(0.,0.,1.));
#2703=DIRECTION('ref_axis',(-0.978147600733804,0.207911690817766,0.));
#2704=DIRECTION('',(0.,0.,1.));
#2705=DIRECTION('center_axis',(0.,0.,1.));
#2706=DIRECTION('ref_axis',(-0.978147600733804,0.207911690817766,0.));
#2707=DIRECTION('center_axis',(0.,0.,1.));
#2708=DIRECTION('ref_axis',(-0.978147600733804,0.207911690817766,0.));
#2709=DIRECTION('',(0.,0.,1.));
#2710=DIRECTION('center_axis',(-0.999806563237934,-0.019668149540598,0.));
#2711=DIRECTION('ref_axis',(0.,0.,1.));
#2712=DIRECTION('',(0.0196681495405975,-0.999806563237934,0.));
#2713=DIRECTION('center_axis',(-0.905368987247618,-0.4246257139296,0.));
#2714=DIRECTION('ref_axis',(0.,0.,1.));
#2715=DIRECTION('',(0.4246257139296,-0.905368987247618,0.));
#2716=DIRECTION('center_axis',(0.,0.,1.));
#2717=DIRECTION('ref_axis',(1.,0.,0.));
#2718=DIRECTION('center_axis',(0.,0.,1.));
#2719=DIRECTION('ref_axis',(1.,0.,0.));
#2720=DIRECTION('center_axis',(0.,0.,-1.));
#2721=DIRECTION('ref_axis',(-1.,0.,0.));
#2722=CARTESIAN_POINT('',(0.,0.,0.));
#2723=CARTESIAN_POINT('Origin',(1.18086191673311,1.05744219135389,3.54986001014659));
#2724=CARTESIAN_POINT('',(-2.06913808326689,1.05744219135389,21.8498600101466));
#2725=CARTESIAN_POINT('Origin',(1.18086191673311,1.05744219135389,21.8498600101466));
#2726=CARTESIAN_POINT('',(-2.06913808326689,1.05744219135389,16.8498600101466));
#2727=CARTESIAN_POINT('',(-2.06913808326689,1.05744219135389,3.54986001014659));
#2728=CARTESIAN_POINT('Origin',(1.18086191673311,1.05744219135389,16.8498600101466));
#2729=CARTESIAN_POINT('Origin',(1.18086191673311,1.05744219135389,21.8498600101466));
#2730=CARTESIAN_POINT('',(-0.0810948996388117,2.12044030688019,21.8498600101466));
#2731=CARTESIAN_POINT('',(2.44160181184855,2.12188332024,21.8498600101466));
#2732=CARTESIAN_POINT('',(0.54957927823303,2.12080106022014,21.8498600101466));
#2733=CARTESIAN_POINT('',(2.83086191673311,1.05744219135389,21.8498600101466));
#2734=CARTESIAN_POINT('Origin',(1.18086191673311,1.05744219135389,21.8498600101466));
#2735=CARTESIAN_POINT('Origin',(1.18086191673311,1.05744219135389,21.8498600101466));
#2736=CARTESIAN_POINT('Origin',(1.18086191673311,1.05744219135389,16.8498600101466));
#2737=CARTESIAN_POINT('',(-0.08109489963881,2.12044030688019,10.3498600101466));
#2738=CARTESIAN_POINT('',(-0.0810948996388117,2.12044030688019,6.84986001014658));
#2739=CARTESIAN_POINT('',(2.83086191673311,1.05744219135389,8.34986001014658));
#2740=CARTESIAN_POINT('',(2.83086191673311,1.05744219135389,16.8498600101466));
#2741=CARTESIAN_POINT('Origin',(1.18086191673311,1.05744219135389,8.34986001014658));
#2742=CARTESIAN_POINT('',(2.44160181184854,2.12188332024,10.3498600101466));
#2743=CARTESIAN_POINT('',(2.44160181184855,2.12188332024,16.8498600101466));
#2744=CARTESIAN_POINT('Origin',(1.18086191673311,1.05744219135389,10.3498600101466));
#2745=CARTESIAN_POINT('Origin',(-0.0810948996388117,2.12044030688019,16.8498600101466));
#2746=CARTESIAN_POINT('',(0.549663014913863,2.12080110811855,10.3498600101466));
#2747=CARTESIAN_POINT('Origin',(1.18025345610487,2.41394124911704,10.3498600101466));
#2748=CARTESIAN_POINT('Origin',(1.18086191673311,1.05744219135389,8.34986001014658));
#2749=CARTESIAN_POINT('',(-0.149138083266891,10.4638814751637,8.34986001014659));
#2750=CARTESIAN_POINT('',(-1.43006616219524,10.1916118069601,8.34986001014659));
#2751=CARTESIAN_POINT('Origin',(1.18086191673311,1.05744219135389,8.34986001014658));
#2752=CARTESIAN_POINT('',(0.355948370701772,12.6297416008619,8.34986001014659));
#2753=CARTESIAN_POINT('',(-0.902530705300544,7.23326020976113,8.34986001014658));
#2754=CARTESIAN_POINT('',(0.710982507677062,12.9231422693495,8.34986001014659));
#2755=CARTESIAN_POINT('Origin',(0.726018648766855,12.5434398668536,8.34986001014658));
#2756=CARTESIAN_POINT('',(1.65074132578915,12.9231422693495,8.34986001014659));
#2757=CARTESIAN_POINT('Origin',(1.18086191673311,1.05744219135389,8.34986001014658));
#2758=CARTESIAN_POINT('',(2.00577546276445,12.6297416008619,8.34986001014659));
#2759=CARTESIAN_POINT('Origin',(1.63570518469936,12.5434398668536,8.34986001014658));
#2760=CARTESIAN_POINT('',(2.51086191673311,10.4638814751637,8.34986001014659));
#2761=CARTESIAN_POINT('',(3.26425453876676,7.23326020976113,8.34986001014658));
#2762=CARTESIAN_POINT('',(3.79178999566159,10.1916118069601,8.34986001014659));
#2763=CARTESIAN_POINT('Origin',(1.18086191673311,1.05744219135389,8.34986001014658));
#2764=CARTESIAN_POINT('',(5.13414410829969,11.9647863179306,8.34986001014659));
#2765=CARTESIAN_POINT('',(1.78951953944216,7.54672481059201,8.34986001014658));
#2766=CARTESIAN_POINT('',(5.57782073441837,12.0884157728461,8.34986001014659));
#2767=CARTESIAN_POINT('Origin',(5.43711805225245,11.7354246182384,8.34986001014658));
#2768=CARTESIAN_POINT('',(6.43633313398426,11.7061814258663,8.34986001014659));
#2769=CARTESIAN_POINT('Origin',(1.18086191673311,1.05744219135389,8.34986001014658));
#2770=CARTESIAN_POINT('',(6.64133615414925,11.2937411848495,8.34986001014659));
#2771=CARTESIAN_POINT('Origin',(6.26815805503222,11.3654217703619,8.34986001014658));
#2772=CARTESIAN_POINT('',(6.2218209129909,9.10969233637842,8.34986001014659));
#2773=CARTESIAN_POINT('',(5.59606727213207,5.85194056800229,8.34986001014658));
#2774=CARTESIAN_POINT('',(7.28126489020637,8.33996123089224,8.34986001014659));
#2775=CARTESIAN_POINT('Origin',(1.18086191673311,1.05744219135389,8.34986001014658));
#2776=CARTESIAN_POINT('',(9.22878144053452,9.41385214540363,8.34986001014659));
#2777=CARTESIAN_POINT('',(4.37632735173756,6.73813349327478,8.34986001014658));
#2778=CARTESIAN_POINT('',(9.68438483646506,9.34633373085381,8.34986001014659));
#2779=CARTESIAN_POINT('Origin',(9.41227210303364,9.08108920158982,8.34986001014658));
#2780=CARTESIAN_POINT('',(10.3132062242595,8.64795682797706,8.34986001014659));
#2781=CARTESIAN_POINT('Origin',(1.18086191673311,1.05744219135389,8.34986001014658));
#2782=CARTESIAN_POINT('',(10.3327312430337,8.18779167900483,8.34986001014659));
#2783=CARTESIAN_POINT('Origin',(10.0209712064186,8.40506035960512,8.34986001014658));
#2784=CARTESIAN_POINT('',(9.06115230312093,6.36319599512237,8.34986001014659));
#2785=CARTESIAN_POINT('',(7.16445088866746,3.64160860027059,8.34986001014658));
#2786=CARTESIAN_POINT('',(9.71592469021645,5.22909695327976,8.34986001014659));
#2787=CARTESIAN_POINT('Origin',(1.18086191673311,1.05744219135389,8.34986001014658));
#2788=CARTESIAN_POINT('',(11.9318603740505,5.41801877622025,8.34986001014659));
#2789=CARTESIAN_POINT('',(6.41061016042857,4.94729904239508,8.34986001014658));
#2790=CARTESIAN_POINT('',(12.3206125736096,5.17102703946632,8.34986001014659));
#2791=CARTESIAN_POINT('Origin',(11.9641405525895,5.03939232432672,8.34986001014658));
#2792=CARTESIAN_POINT('',(12.6110140190199,4.27726329175498,8.34986001014659));
#2793=CARTESIAN_POINT('Origin',(1.18086191673311,1.05744219135389,8.34986001014658));
#2794=CARTESIAN_POINT('',(12.441684983278,3.84893996955376,8.34986001014659));
#2795=CARTESIAN_POINT('Origin',(12.2452491517468,4.17422901654214,8.34986001014658));
#2796=CARTESIAN_POINT('',(10.5379098952538,2.69928661993465,8.34986001014659));
#2797=CARTESIAN_POINT('',(7.69821761275612,0.984450784022374,8.34986001014658));
#2798=CARTESIAN_POINT('',(10.6747945980802,1.39691566903654,8.34986001014659));
#2799=CARTESIAN_POINT('Origin',(1.18086191673311,1.05744219135389,8.34986001014658));
#2800=CARTESIAN_POINT('',(12.7759940045415,0.668202100918854,8.34986001014659));
#2801=CARTESIAN_POINT('',(7.54062198701336,2.48387300373026,8.34986001014658));
#2802=CARTESIAN_POINT('',(13.0306762207225,0.284444157095036,8.34986001014659));
#2803=CARTESIAN_POINT('Origin',(12.6514821629949,0.30918009419132,8.34986001014658));
#2804=CARTESIAN_POINT('',(12.932444675623,-0.65016656388285,8.34986001014659));
#2805=CARTESIAN_POINT('Origin',(1.18086191673311,1.05744219135389,8.34986001014658));
#2806=CARTESIAN_POINT('',(12.6035401139508,-0.972587065709243,8.34986001014659));
#2807=CARTESIAN_POINT('Origin',(12.5563940273386,-0.595523083715276,8.34986001014658));
#2808=CARTESIAN_POINT('',(10.3967488857882,-1.24851257264307,8.34986001014659));
#2809=CARTESIAN_POINT('',(7.10507432868465,-1.66008615479211,8.34986001014658));
#2810=CARTESIAN_POINT('',(9.99207729566827,-2.49396366351774,8.34986001014659));
#2811=CARTESIAN_POINT('Origin',(1.18086191673311,1.05744219135389,8.34986001014658));
#2812=CARTESIAN_POINT('',(11.6152239585824,-4.01431142661112,8.34986001014659));
#2813=CARTESIAN_POINT('',(7.57097352084027,-0.226195881111541,8.34986001014658));
#2814=CARTESIAN_POINT('',(11.6917993224923,-4.46848034268621,8.34986001014659));
#2815=CARTESIAN_POINT('Origin',(11.355449325508,-4.29165082159692,8.34986001014658));
#2816=CARTESIAN_POINT('',(11.2219199134363,-5.28233535260172,8.34986001014659));
#2817=CARTESIAN_POINT('Origin',(1.18086191673311,1.05744219135389,8.34986001014658));
#2818=CARTESIAN_POINT('',(10.790310412551,-5.4431036001892,8.34986001014659));
#2819=CARTESIAN_POINT('Origin',(10.9006060575418,-5.07946247119514,8.34986001014658));
#2820=CARTESIAN_POINT('',(8.66207729566826,-4.79759123758434,8.34986001014659));
#2821=CARTESIAN_POINT('',(5.4875808988066,-3.83473775458796,8.34986001014658));
#2822=CARTESIAN_POINT('',(7.78582080685972,-5.77077266025538,8.34986001014659));
#2823=CARTESIAN_POINT('Origin',(1.18086191673311,1.05744219135389,8.34986001014658));
#2824=CARTESIAN_POINT('',(8.65025792238422,-7.81987267815978,8.34986001014659));
#2825=CARTESIAN_POINT('',(6.4964167059756,-2.71431208173827,8.34986001014658));
#2826=CARTESIAN_POINT('',(8.53548585793773,-8.26592263490169,8.34986001014659));
#2827=CARTESIAN_POINT('Origin',(8.30013789181918,-7.96757496046151,8.34986001014658));
#2828=CARTESIAN_POINT('',(7.77520500347133,-8.81829900889978,8.34986001014659));
#2829=CARTESIAN_POINT('Origin',(1.18086191673311,1.05744219135389,8.34986001014658));
#2830=CARTESIAN_POINT('',(7.31551976712531,-8.78961671170679,8.34986001014659));
#2831=CARTESIAN_POINT('Origin',(7.56418602469571,-8.50227529049166,8.34986001014658));
#2832=CARTESIAN_POINT('',(5.63383560182235,-7.33428143135335,8.34986001014659));
#2833=CARTESIAN_POINT('',(3.12541663161437,-5.16348699767091,8.34986001014658));
#2834=CARTESIAN_POINT('',(4.4375069217805,-7.86692127676527,8.34986001014659));
#2835=CARTESIAN_POINT('Origin',(1.18086191673311,1.05744219135389,8.34986001014658));
#2836=CARTESIAN_POINT('',(4.39376545947658,-10.0904655408958,8.34986001014659));
#2837=CARTESIAN_POINT('',(4.50275217775164,-4.55025770323551,8.34986001014658));
#2838=CARTESIAN_POINT('',(4.10749109928792,-10.4512704485472,8.34986001014659));
#2839=CARTESIAN_POINT('Origin',(4.01383896544616,-10.0829916440703,8.34986001014658));
#2840=CARTESIAN_POINT('',(3.18826826608313,-10.6466572933818,8.34986001014659));
#2841=CARTESIAN_POINT('Origin',(1.18086191673311,1.05744219135389,8.34986001014658));
#2842=CARTESIAN_POINT('',(2.77999104774984,-10.4334838811635,8.34986001014659));
#2843=CARTESIAN_POINT('Origin',(3.12403126290393,-10.2721261098702,8.34986001014658));
#2844=CARTESIAN_POINT('',(1.83563430382857,-8.41996637434049,8.34986001014659));
#2845=CARTESIAN_POINT('',(0.42702118849417,-5.41658106860401,8.34986001014658));
#2846=CARTESIAN_POINT('',(0.526089529637516,-8.41996637434048,8.34986001014659));
#2847=CARTESIAN_POINT('Origin',(1.18086191673311,1.05744219135389,8.34986001014658));
#2848=CARTESIAN_POINT('',(-0.418267214283774,-10.4334838811634,8.34986001014659));
#2849=CARTESIAN_POINT('',(1.93470264497196,-5.41658106860402,8.34986001014658));
#2850=CARTESIAN_POINT('',(-0.826544432617072,-10.6466572933817,8.34986001014659));
#2851=CARTESIAN_POINT('Origin',(-0.762307429437866,-10.2721261098702,8.34986001014658));
#2852=CARTESIAN_POINT('',(-1.74576726582185,-10.4512704485471,8.34986001014659));
#2853=CARTESIAN_POINT('Origin',(1.18086191673311,1.05744219135389,8.34986001014658));
#2854=CARTESIAN_POINT('',(-2.03204162601051,-10.0904655408957,8.34986001014659));
#2855=CARTESIAN_POINT('Origin',(-1.65211513198009,-10.0829916440703,8.34986001014658));
#2856=CARTESIAN_POINT('',(-2.0757830883144,-7.86692127676522,8.34986001014659));
#2857=CARTESIAN_POINT('',(-2.1410283442855,-4.55025770323547,8.34986001014658));
#2858=CARTESIAN_POINT('',(-3.27211176835625,-7.33428143135328,8.34986001014659));
#2859=CARTESIAN_POINT('Origin',(1.18086191673311,1.05744219135389,8.34986001014658));
#2860=CARTESIAN_POINT('',(-4.95379593365922,-8.78961671170671,8.34986001014659));
#2861=CARTESIAN_POINT('',(-0.763692798148236,-5.16348699767089,8.34986001014658));
#2862=CARTESIAN_POINT('',(-5.41348117000524,-8.81829900889969,8.34986001014659));
#2863=CARTESIAN_POINT('Origin',(-5.20246219122962,-8.50227529049158,8.34986001014658));
#2864=CARTESIAN_POINT('',(-6.17376202447164,-8.26592263490159,8.34986001014659));
#2865=CARTESIAN_POINT('Origin',(1.18086191673311,1.05744219135389,8.34986001014658));
#2866=CARTESIAN_POINT('',(-6.28853408891812,-7.81987267815969,8.34986001014659));
#2867=CARTESIAN_POINT('Origin',(-5.93841405835309,-7.96757496046142,8.34986001014658));
#2868=CARTESIAN_POINT('',(-5.42409697339359,-5.77077266025529,8.34986001014659));
#2869=CARTESIAN_POINT('',(-4.13469287250943,-2.7143120817382,8.34986001014658));
#2870=CARTESIAN_POINT('',(-6.30035346220212,-4.79759123758423,8.34986001014659));
#2871=CARTESIAN_POINT('Origin',(1.18086191673311,1.05744219135389,8.34986001014658));
#2872=CARTESIAN_POINT('',(-8.42858657908488,-5.44310360018907,8.34986001014659));
#2873=CARTESIAN_POINT('',(-3.12585706534045,-3.8347377545879,8.34986001014658));
#2874=CARTESIAN_POINT('',(-8.86019607997012,-5.28233535260158,8.34986001014659));
#2875=CARTESIAN_POINT('Origin',(-8.53888222407562,-5.079462471195,8.34986001014658));
#2876=CARTESIAN_POINT('',(-9.33007548902616,-4.46848034268606,8.34986001014659));
#2877=CARTESIAN_POINT('Origin',(1.18086191673311,1.05744219135389,8.34986001014658));
#2878=CARTESIAN_POINT('',(-9.2535001251162,-4.01431142661097,8.34986001014659));
#2879=CARTESIAN_POINT('Origin',(-8.99372549204187,-4.29165082159678,8.34986001014658));
#2880=CARTESIAN_POINT('',(-7.6303534622021,-2.49396366351761,8.34986001014659));
#2881=CARTESIAN_POINT('',(-5.20924968737407,-0.226195881111451,8.34986001014658));
#2882=CARTESIAN_POINT('',(-8.03502505232203,-1.24851257264294,8.34986001014659));
#2883=CARTESIAN_POINT('Origin',(1.18086191673311,1.05744219135389,8.34986001014658));
#2884=CARTESIAN_POINT('',(-10.2418162804846,-0.97258706570909,8.34986001014659));
#2885=CARTESIAN_POINT('',(-4.74335049521847,-1.66008615479203,8.34986001014658));
#2886=CARTESIAN_POINT('',(-10.5707208421568,-0.650166563882693,8.34986001014659));
#2887=CARTESIAN_POINT('Origin',(-10.1946701938724,-0.595523083715122,8.34986001014658));
#2888=CARTESIAN_POINT('',(-10.6689523872563,0.284444157095196,8.34986001014659));
#2889=CARTESIAN_POINT('Origin',(1.18086191673311,1.05744219135389,8.34986001014658));
#2890=CARTESIAN_POINT('',(-10.4142701710753,0.668202100919011,8.34986001014659));
#2891=CARTESIAN_POINT('Origin',(-10.2897583295286,0.309180094191475,8.34986001014658));
#2892=CARTESIAN_POINT('',(-8.31307076461396,1.39691566903667,8.34986001014659));
#2893=CARTESIAN_POINT('',(-5.17889815354712,2.48387300373035,8.34986001014658));
#2894=CARTESIAN_POINT('',(-8.17618606178757,2.69928661993477,8.34986001014659));
#2895=CARTESIAN_POINT('Origin',(1.18086191673311,1.05744219135389,8.34986001014658));
#2896=CARTESIAN_POINT('',(-10.0799611498118,3.84893996955391,8.34986001014659));
#2897=CARTESIAN_POINT('',(-5.3364937792899,0.984450784022459,8.34986001014658));
#2898=CARTESIAN_POINT('',(-10.2492901855537,4.27726329175513,8.34986001014659));
#2899=CARTESIAN_POINT('Origin',(-9.8835253182805,4.17422901654229,8.34986001014658));
#2900=CARTESIAN_POINT('',(-9.95888874014331,5.17102703946646,8.34986001014659));
#2901=CARTESIAN_POINT('Origin',(1.18086191673311,1.05744219135389,8.34986001014658));
#2902=CARTESIAN_POINT('',(-9.57013654058421,5.41801877622039,8.34986001014659));
#2903=CARTESIAN_POINT('Origin',(-9.60241671912327,5.03939232432686,8.34986001014658));
#2904=CARTESIAN_POINT('',(-7.35420085675018,5.22909695327987,8.34986001014659));
#2905=CARTESIAN_POINT('',(-4.0488863269623,4.94729904239515,8.34986001014658));
#2906=CARTESIAN_POINT('',(-6.69942846965464,6.36319599512248,8.34986001014659));
#2907=CARTESIAN_POINT('Origin',(1.18086191673311,1.05744219135389,8.34986001014658));
#2908=CARTESIAN_POINT('',(-7.97100740956737,8.18779167900496,8.34986001014659));
#2909=CARTESIAN_POINT('',(-4.8027270552012,3.64160860027067,8.34986001014658));
#2910=CARTESIAN_POINT('',(-7.95148239079317,8.64795682797718,8.34986001014659));
#2911=CARTESIAN_POINT('Origin',(-7.65924737295233,8.40506035960524,8.34986001014658));
#2912=CARTESIAN_POINT('',(-7.32266100299873,9.34633373085393,8.34986001014659));
#2913=CARTESIAN_POINT('Origin',(1.18086191673311,1.05744219135389,8.34986001014658));
#2914=CARTESIAN_POINT('',(-6.86705760706819,9.41385214540373,8.34986001014659));
#2915=CARTESIAN_POINT('Origin',(-7.05054826956731,9.08108920158993,8.34986001014658));
#2916=CARTESIAN_POINT('',(-4.91954105674005,8.33996123089233,8.34986001014659));
#2917=CARTESIAN_POINT('',(-2.01460351827127,6.73813349327482,8.34986001014658));
#2918=CARTESIAN_POINT('',(-3.86009707952458,9.10969233637849,8.34986001014659));
#2919=CARTESIAN_POINT('Origin',(1.18086191673311,1.05744219135389,8.34986001014658));
#2920=CARTESIAN_POINT('',(-4.2796123206829,11.2937411848496,8.34986001014659));
#2921=CARTESIAN_POINT('',(-3.23434343866578,5.85194056800235,8.34986001014658));
#2922=CARTESIAN_POINT('',(-4.0746093005179,11.7061814258664,8.34986001014659));
#2923=CARTESIAN_POINT('Origin',(-3.90643422156587,11.365421770362,8.34986001014658));
#2924=CARTESIAN_POINT('',(-3.21609690095201,12.0884157728462,8.34986001014659));
#2925=CARTESIAN_POINT('Origin',(1.18086191673311,1.05744219135389,8.34986001014658));
#2926=CARTESIAN_POINT('',(-2.77242027483333,11.9647863179307,8.34986001014659));
#2927=CARTESIAN_POINT('Origin',(-3.07539421878609,11.7354246182384,8.34986001014658));
#2928=CARTESIAN_POINT('',(0.572204294024141,7.54672481059202,8.34986001014658));
#2929=CARTESIAN_POINT('Origin',(3.12403126290393,-10.2721261098702,-5.77910568403096));
#2930=CARTESIAN_POINT('',(3.18826826608313,-10.6466572933818,16.8498600101466));
#2931=CARTESIAN_POINT('',(3.18826826608313,-10.6466572933818,-2.15013998985341));
#2932=CARTESIAN_POINT('',(2.77999104774984,-10.4334838811635,16.8498600101466));
#2933=CARTESIAN_POINT('Origin',(3.12403126290393,-10.2721261098702,16.8498600101466));
#2934=CARTESIAN_POINT('',(2.77999104774984,-10.4334838811635,-2.15013998985341));
#2935=CARTESIAN_POINT('Origin',(1.18086191673311,1.05744219135389,-5.77910568403096));
#2936=CARTESIAN_POINT('',(4.10749109928792,-10.4512704485472,16.8498600101466));
#2937=CARTESIAN_POINT('',(4.10749109928792,-10.4512704485472,-2.15013998985341));
#2938=CARTESIAN_POINT('Origin',(1.18086191673311,1.05744219135389,16.8498600101466));
#2939=CARTESIAN_POINT('Origin',(4.01383896544616,-10.0829916440703,-5.77910568403096));
#2940=CARTESIAN_POINT('',(4.39376545947658,-10.0904655408958,16.8498600101466));
#2941=CARTESIAN_POINT('',(4.39376545947658,-10.0904655408958,-2.15013998985341));
#2942=CARTESIAN_POINT('Origin',(4.01383896544616,-10.0829916440703,16.8498600101466));
#2943=CARTESIAN_POINT('Origin',(4.39376545947658,-10.0904655408958,-5.77910568403096));
#2944=CARTESIAN_POINT('',(4.4375069217805,-7.86692127676527,16.8498600101466));
#2945=CARTESIAN_POINT('',(4.4375069217805,-7.86692127676527,-2.15013998985341));
#2946=CARTESIAN_POINT('',(4.39376545947658,-10.0904655408958,16.8498600101466));
#2947=CARTESIAN_POINT('Origin',(1.18086191673311,1.05744219135389,16.8498600101466));
#2948=CARTESIAN_POINT('',(5.63383560182235,-7.33428143135334,16.8498600101466));
#2949=CARTESIAN_POINT('',(5.63383560182235,-7.33428143135334,-2.15013998985341));
#2950=CARTESIAN_POINT('Origin',(1.18086191673311,1.05744219135389,16.8498600101466));
#2951=CARTESIAN_POINT('Origin',(7.31551976712531,-8.7896167117068,-5.77910568403096));
#2952=CARTESIAN_POINT('',(7.31551976712531,-8.7896167117068,16.8498600101466));
#2953=CARTESIAN_POINT('',(7.31551976712531,-8.7896167117068,-2.15013998985341));
#2954=CARTESIAN_POINT('',(5.63383560182235,-7.33428143135334,16.8498600101466));
#2955=CARTESIAN_POINT('Origin',(7.56418602469571,-8.50227529049166,-5.77910568403096));
#2956=CARTESIAN_POINT('',(7.77520500347133,-8.81829900889978,16.8498600101466));
#2957=CARTESIAN_POINT('',(7.77520500347133,-8.81829900889978,-2.15013998985341));
#2958=CARTESIAN_POINT('Origin',(7.56418602469571,-8.50227529049166,16.8498600101466));
#2959=CARTESIAN_POINT('Origin',(1.18086191673311,1.05744219135389,-5.77910568403096));
#2960=CARTESIAN_POINT('',(8.53548585793773,-8.26592263490169,16.8498600101466));
#2961=CARTESIAN_POINT('',(8.53548585793773,-8.26592263490169,-2.15013998985341));
#2962=CARTESIAN_POINT('Origin',(1.18086191673311,1.05744219135389,16.8498600101466));
#2963=CARTESIAN_POINT('Origin',(8.30013789181918,-7.96757496046151,-5.77910568403096));
#2964=CARTESIAN_POINT('',(8.65025792238422,-7.81987267815978,16.8498600101466));
#2965=CARTESIAN_POINT('',(8.65025792238422,-7.81987267815978,-2.15013998985341));
#2966=CARTESIAN_POINT('Origin',(8.30013789181918,-7.96757496046151,16.8498600101466));
#2967=CARTESIAN_POINT('Origin',(8.65025792238422,-7.81987267815978,-5.77910568403096));
#2968=CARTESIAN_POINT('',(7.78582080685972,-5.77077266025538,16.8498600101466));
#2969=CARTESIAN_POINT('',(7.78582080685972,-5.77077266025538,-2.15013998985341));
#2970=CARTESIAN_POINT('',(8.65025792238422,-7.81987267815978,16.8498600101466));
#2971=CARTESIAN_POINT('Origin',(1.18086191673311,1.05744219135389,16.8498600101466));
#2972=CARTESIAN_POINT('',(8.66207729566826,-4.79759123758434,16.8498600101466));
#2973=CARTESIAN_POINT('',(8.66207729566826,-4.79759123758434,-2.15013998985341));
#2974=CARTESIAN_POINT('Origin',(1.18086191673311,1.05744219135389,16.8498600101466));
#2975=CARTESIAN_POINT('Origin',(10.790310412551,-5.4431036001892,-5.77910568403096));
#2976=CARTESIAN_POINT('',(10.790310412551,-5.4431036001892,16.8498600101466));
#2977=CARTESIAN_POINT('',(10.790310412551,-5.4431036001892,-2.15013998985341));
#2978=CARTESIAN_POINT('',(8.66207729566826,-4.79759123758434,16.8498600101466));
#2979=CARTESIAN_POINT('Origin',(10.9006060575418,-5.07946247119514,-5.77910568403096));
#2980=CARTESIAN_POINT('',(11.2219199134363,-5.28233535260172,16.8498600101466));
#2981=CARTESIAN_POINT('',(11.2219199134363,-5.28233535260172,-2.15013998985341));
#2982=CARTESIAN_POINT('Origin',(10.9006060575418,-5.07946247119514,16.8498600101466));
#2983=CARTESIAN_POINT('Origin',(1.18086191673311,1.05744219135389,-5.77910568403096));
#2984=CARTESIAN_POINT('',(11.6917993224923,-4.46848034268621,16.8498600101466));
#2985=CARTESIAN_POINT('',(11.6917993224923,-4.46848034268621,-2.15013998985341));
#2986=CARTESIAN_POINT('Origin',(1.18086191673311,1.05744219135389,16.8498600101466));
#2987=CARTESIAN_POINT('Origin',(11.355449325508,-4.29165082159692,-5.77910568403096));
#2988=CARTESIAN_POINT('',(11.6152239585823,-4.01431142661112,16.8498600101466));
#2989=CARTESIAN_POINT('',(11.6152239585823,-4.01431142661112,-2.15013998985341));
#2990=CARTESIAN_POINT('Origin',(11.355449325508,-4.29165082159692,16.8498600101466));
#2991=CARTESIAN_POINT('Origin',(11.6152239585823,-4.01431142661112,-5.77910568403096));
#2992=CARTESIAN_POINT('',(9.99207729566827,-2.49396366351774,16.8498600101466));
#2993=CARTESIAN_POINT('',(9.99207729566827,-2.49396366351774,-2.15013998985341));
#2994=CARTESIAN_POINT('',(11.6152239585823,-4.01431142661112,16.8498600101466));
#2995=CARTESIAN_POINT('Origin',(1.18086191673311,1.05744219135389,16.8498600101466));
#2996=CARTESIAN_POINT('',(10.3967488857882,-1.24851257264307,16.8498600101466));
#2997=CARTESIAN_POINT('',(10.3967488857882,-1.24851257264307,-2.15013998985341));
#2998=CARTESIAN_POINT('Origin',(1.18086191673311,1.05744219135389,16.8498600101466));
#2999=CARTESIAN_POINT('Origin',(12.6035401139508,-0.972587065709244,-5.77910568403096));
#3000=CARTESIAN_POINT('',(12.6035401139508,-0.972587065709243,16.8498600101466));
#3001=CARTESIAN_POINT('',(12.6035401139508,-0.972587065709243,-2.15013998985341));
#3002=CARTESIAN_POINT('',(10.3967488857882,-1.24851257264307,16.8498600101466));
#3003=CARTESIAN_POINT('Origin',(12.5563940273386,-0.595523083715276,-5.77910568403096));
#3004=CARTESIAN_POINT('',(12.932444675623,-0.65016656388285,16.8498600101466));
#3005=CARTESIAN_POINT('',(12.932444675623,-0.65016656388285,-2.15013998985341));
#3006=CARTESIAN_POINT('Origin',(12.5563940273386,-0.595523083715276,16.8498600101466));
#3007=CARTESIAN_POINT('Origin',(1.18086191673311,1.05744219135389,-5.77910568403096));
#3008=CARTESIAN_POINT('',(13.0306762207225,0.284444157095037,16.8498600101466));
#3009=CARTESIAN_POINT('',(13.0306762207225,0.284444157095037,-2.15013998985341));
#3010=CARTESIAN_POINT('Origin',(1.18086191673311,1.05744219135389,16.8498600101466));
#3011=CARTESIAN_POINT('Origin',(12.6514821629949,0.30918009419132,-5.77910568403096));
#3012=CARTESIAN_POINT('',(12.7759940045415,0.668202100918855,16.8498600101466));
#3013=CARTESIAN_POINT('',(12.7759940045415,0.668202100918855,-2.15013998985341));
#3014=CARTESIAN_POINT('Origin',(12.6514821629949,0.30918009419132,16.8498600101466));
#3015=CARTESIAN_POINT('Origin',(12.7759940045415,0.668202100918855,-5.77910568403096));
#3016=CARTESIAN_POINT('',(10.6747945980802,1.39691566903654,16.8498600101466));
#3017=CARTESIAN_POINT('',(10.6747945980802,1.39691566903654,-2.15013998985341));
#3018=CARTESIAN_POINT('',(12.7759940045415,0.668202100918855,16.8498600101466));
#3019=CARTESIAN_POINT('Origin',(1.18086191673311,1.05744219135389,16.8498600101466));
#3020=CARTESIAN_POINT('',(10.5379098952538,2.69928661993465,16.8498600101466));
#3021=CARTESIAN_POINT('',(10.5379098952538,2.69928661993465,-2.15013998985341));
#3022=CARTESIAN_POINT('Origin',(1.18086191673311,1.05744219135389,16.8498600101466));
#3023=CARTESIAN_POINT('Origin',(12.441684983278,3.84893996955376,-5.77910568403096));
#3024=CARTESIAN_POINT('',(12.441684983278,3.84893996955376,16.8498600101466));
#3025=CARTESIAN_POINT('',(12.441684983278,3.84893996955376,-2.15013998985341));
#3026=CARTESIAN_POINT('',(10.5379098952538,2.69928661993465,16.8498600101466));
#3027=CARTESIAN_POINT('Origin',(12.2452491517468,4.17422901654214,-5.77910568403096));
#3028=CARTESIAN_POINT('',(12.6110140190199,4.27726329175498,16.8498600101466));
#3029=CARTESIAN_POINT('',(12.6110140190199,4.27726329175498,-2.15013998985341));
#3030=CARTESIAN_POINT('Origin',(12.2452491517468,4.17422901654214,16.8498600101466));
#3031=CARTESIAN_POINT('Origin',(1.18086191673311,1.05744219135389,-5.77910568403096));
#3032=CARTESIAN_POINT('',(12.3206125736096,5.17102703946632,16.8498600101466));
#3033=CARTESIAN_POINT('',(12.3206125736096,5.17102703946632,-2.15013998985341));
#3034=CARTESIAN_POINT('Origin',(1.18086191673311,1.05744219135389,16.8498600101466));
#3035=CARTESIAN_POINT('Origin',(11.9641405525895,5.03939232432672,-5.77910568403096));
#3036=CARTESIAN_POINT('',(11.9318603740505,5.41801877622025,16.8498600101466));
#3037=CARTESIAN_POINT('',(11.9318603740505,5.41801877622025,-2.15013998985341));
#3038=CARTESIAN_POINT('Origin',(11.9641405525895,5.03939232432672,16.8498600101466));
#3039=CARTESIAN_POINT('Origin',(11.9318603740505,5.41801877622025,-5.77910568403096));
#3040=CARTESIAN_POINT('',(9.71592469021645,5.22909695327976,16.8498600101466));
#3041=CARTESIAN_POINT('',(9.71592469021645,5.22909695327976,-2.15013998985341));
#3042=CARTESIAN_POINT('',(11.9318603740505,5.41801877622025,16.8498600101466));
#3043=CARTESIAN_POINT('Origin',(1.18086191673311,1.05744219135389,16.8498600101466));
#3044=CARTESIAN_POINT('',(9.06115230312093,6.36319599512237,16.8498600101466));
#3045=CARTESIAN_POINT('',(9.06115230312093,6.36319599512237,-2.15013998985341));
#3046=CARTESIAN_POINT('Origin',(1.18086191673311,1.05744219135389,16.8498600101466));
#3047=CARTESIAN_POINT('Origin',(10.3327312430337,8.18779167900483,-5.77910568403096));
#3048=CARTESIAN_POINT('',(10.3327312430337,8.18779167900483,16.8498600101466));
#3049=CARTESIAN_POINT('',(10.3327312430337,8.18779167900483,-2.15013998985341));
#3050=CARTESIAN_POINT('',(9.06115230312093,6.36319599512237,16.8498600101466));
#3051=CARTESIAN_POINT('Origin',(10.0209712064186,8.40506035960512,-5.77910568403096));
#3052=CARTESIAN_POINT('',(10.3132062242595,8.64795682797705,16.8498600101466));
#3053=CARTESIAN_POINT('',(10.3132062242595,8.64795682797705,-2.15013998985341));
#3054=CARTESIAN_POINT('Origin',(10.0209712064186,8.40506035960512,16.8498600101466));
#3055=CARTESIAN_POINT('Origin',(1.18086191673311,1.05744219135389,-5.77910568403096));
#3056=CARTESIAN_POINT('',(9.68438483646506,9.34633373085381,16.8498600101466));
#3057=CARTESIAN_POINT('',(9.68438483646506,9.34633373085381,-2.15013998985341));
#3058=CARTESIAN_POINT('Origin',(1.18086191673311,1.05744219135389,16.8498600101466));
#3059=CARTESIAN_POINT('Origin',(9.41227210303364,9.08108920158982,-5.77910568403096));
#3060=CARTESIAN_POINT('',(9.22878144053452,9.41385214540363,16.8498600101466));
#3061=CARTESIAN_POINT('',(9.22878144053452,9.41385214540363,-2.15013998985341));
#3062=CARTESIAN_POINT('Origin',(9.41227210303364,9.08108920158982,16.8498600101466));
#3063=CARTESIAN_POINT('Origin',(9.22878144053452,9.41385214540363,-5.77910568403096));
#3064=CARTESIAN_POINT('',(7.28126489020637,8.33996123089224,16.8498600101466));
#3065=CARTESIAN_POINT('',(7.28126489020637,8.33996123089224,-2.15013998985341));
#3066=CARTESIAN_POINT('',(9.22878144053452,9.41385214540363,16.8498600101466));
#3067=CARTESIAN_POINT('Origin',(1.18086191673311,1.05744219135389,16.8498600101466));
#3068=CARTESIAN_POINT('',(6.2218209129909,9.10969233637842,16.8498600101466));
#3069=CARTESIAN_POINT('',(6.2218209129909,9.10969233637842,-2.15013998985341));
#3070=CARTESIAN_POINT('Origin',(1.18086191673311,1.05744219135389,16.8498600101466));
#3071=CARTESIAN_POINT('Origin',(6.64133615414925,11.2937411848495,-5.77910568403096));
#3072=CARTESIAN_POINT('',(6.64133615414925,11.2937411848495,16.8498600101466));
#3073=CARTESIAN_POINT('',(6.64133615414925,11.2937411848495,-2.15013998985341));
#3074=CARTESIAN_POINT('',(6.2218209129909,9.10969233637842,16.8498600101466));
#3075=CARTESIAN_POINT('Origin',(6.26815805503222,11.3654217703619,-5.77910568403096));
#3076=CARTESIAN_POINT('',(6.43633313398426,11.7061814258663,16.8498600101466));
#3077=CARTESIAN_POINT('',(6.43633313398426,11.7061814258663,-2.15013998985341));
#3078=CARTESIAN_POINT('Origin',(6.26815805503222,11.3654217703619,16.8498600101466));
#3079=CARTESIAN_POINT('Origin',(1.18086191673311,1.05744219135389,-5.77910568403096));
#3080=CARTESIAN_POINT('',(5.57782073441838,12.0884157728461,16.8498600101466));
#3081=CARTESIAN_POINT('',(5.57782073441838,12.0884157728461,-2.15013998985341));
#3082=CARTESIAN_POINT('Origin',(1.18086191673311,1.05744219135389,16.8498600101466));
#3083=CARTESIAN_POINT('Origin',(5.43711805225245,11.7354246182384,-5.77910568403096));
#3084=CARTESIAN_POINT('',(5.13414410829969,11.9647863179306,16.8498600101466));
#3085=CARTESIAN_POINT('',(5.13414410829969,11.9647863179306,-2.15013998985341));
#3086=CARTESIAN_POINT('Origin',(5.43711805225245,11.7354246182384,16.8498600101466));
#3087=CARTESIAN_POINT('Origin',(5.13414410829969,11.9647863179306,-5.77910568403096));
#3088=CARTESIAN_POINT('',(3.79178999566159,10.1916118069601,16.8498600101466));
#3089=CARTESIAN_POINT('',(3.79178999566159,10.1916118069601,-2.15013998985341));
#3090=CARTESIAN_POINT('',(5.13414410829969,11.9647863179306,16.8498600101466));
#3091=CARTESIAN_POINT('Origin',(1.18086191673311,1.05744219135389,16.8498600101466));
#3092=CARTESIAN_POINT('',(2.51086191673311,10.4638814751637,16.8498600101466));
#3093=CARTESIAN_POINT('',(2.51086191673311,10.4638814751637,-2.15013998985341));
#3094=CARTESIAN_POINT('Origin',(1.18086191673311,1.05744219135389,16.8498600101466));
#3095=CARTESIAN_POINT('Origin',(2.00577546276445,12.6297416008619,-5.77910568403096));
#3096=CARTESIAN_POINT('',(2.00577546276445,12.6297416008619,16.8498600101466));
#3097=CARTESIAN_POINT('',(2.00577546276445,12.6297416008619,-2.15013998985341));
#3098=CARTESIAN_POINT('',(2.51086191673311,10.4638814751637,16.8498600101466));
#3099=CARTESIAN_POINT('Origin',(1.63570518469936,12.5434398668536,-5.77910568403096));
#3100=CARTESIAN_POINT('',(1.65074132578916,12.9231422693495,16.8498600101466));
#3101=CARTESIAN_POINT('',(1.65074132578916,12.9231422693495,-2.15013998985341));
#3102=CARTESIAN_POINT('Origin',(1.63570518469936,12.5434398668536,16.8498600101466));
#3103=CARTESIAN_POINT('Origin',(1.18086191673311,1.05744219135389,-5.77910568403096));
#3104=CARTESIAN_POINT('',(0.710982507677062,12.9231422693495,16.8498600101466));
#3105=CARTESIAN_POINT('',(0.710982507677062,12.9231422693495,-2.15013998985341));
#3106=CARTESIAN_POINT('Origin',(1.18086191673311,1.05744219135389,16.8498600101466));
#3107=CARTESIAN_POINT('Origin',(0.726018648766855,12.5434398668536,-5.77910568403096));
#3108=CARTESIAN_POINT('',(0.355948370701771,12.6297416008619,16.8498600101466));
#3109=CARTESIAN_POINT('',(0.355948370701771,12.6297416008619,-2.15013998985341));
#3110=CARTESIAN_POINT('Origin',(0.726018648766855,12.5434398668536,16.8498600101466));
#3111=CARTESIAN_POINT('Origin',(0.355948370701771,12.6297416008619,-5.77910568403096));
#3112=CARTESIAN_POINT('',(-0.149138083266891,10.4638814751637,16.8498600101466));
#3113=CARTESIAN_POINT('',(-0.149138083266891,10.4638814751637,-2.15013998985341));
#3114=CARTESIAN_POINT('',(0.355948370701771,12.6297416008619,16.8498600101466));
#3115=CARTESIAN_POINT('Origin',(1.18086191673311,1.05744219135389,16.8498600101466));
#3116=CARTESIAN_POINT('',(-4.91954105674005,8.33996123089233,16.8498600101466));
#3117=CARTESIAN_POINT('',(-4.91954105674005,8.33996123089233,-2.15013998985341));
#3118=CARTESIAN_POINT('',(-3.86009707952458,9.10969233637849,16.8498600101466));
#3119=CARTESIAN_POINT('Origin',(1.18086191673311,1.05744219135389,16.8498600101466));
#3120=CARTESIAN_POINT('',(-3.86009707952458,9.10969233637849,-2.15013998985341));
#3121=CARTESIAN_POINT('Origin',(-4.2796123206829,11.2937411848496,-5.77910568403096));
#3122=CARTESIAN_POINT('',(-4.2796123206829,11.2937411848496,16.8498600101466));
#3123=CARTESIAN_POINT('',(-4.2796123206829,11.2937411848496,16.8498600101466));
#3124=CARTESIAN_POINT('',(-4.2796123206829,11.2937411848496,-2.15013998985341));
#3125=CARTESIAN_POINT('Origin',(-3.90643422156587,11.365421770362,-5.77910568403096));
#3126=CARTESIAN_POINT('',(-4.0746093005179,11.7061814258664,16.8498600101466));
#3127=CARTESIAN_POINT('Origin',(-3.90643422156587,11.365421770362,16.8498600101466));
#3128=CARTESIAN_POINT('',(-4.0746093005179,11.7061814258664,-2.15013998985341));
#3129=CARTESIAN_POINT('Origin',(1.18086191673311,1.05744219135389,-5.77910568403096));
#3130=CARTESIAN_POINT('',(-3.21609690095201,12.0884157728462,16.8498600101466));
#3131=CARTESIAN_POINT('Origin',(1.18086191673311,1.05744219135389,16.8498600101466));
#3132=CARTESIAN_POINT('',(-3.21609690095201,12.0884157728462,-2.15013998985341));
#3133=CARTESIAN_POINT('Origin',(-3.07539421878609,11.7354246182384,-5.77910568403096));
#3134=CARTESIAN_POINT('',(-2.77242027483333,11.9647863179307,16.8498600101466));
#3135=CARTESIAN_POINT('Origin',(-3.07539421878609,11.7354246182384,16.8498600101466));
#3136=CARTESIAN_POINT('',(-2.77242027483333,11.9647863179307,-2.15013998985341));
#3137=CARTESIAN_POINT('Origin',(-2.77242027483333,11.9647863179307,-5.77910568403096));
#3138=CARTESIAN_POINT('',(-1.43006616219524,10.1916118069601,16.8498600101466));
#3139=CARTESIAN_POINT('',(-1.43006616219524,10.1916118069601,16.8498600101466));
#3140=CARTESIAN_POINT('',(-1.43006616219524,10.1916118069601,-2.15013998985341));
#3141=CARTESIAN_POINT('Origin',(1.18086191673311,1.05744219135389,16.8498600101466));
#3142=CARTESIAN_POINT('',(-7.35420085675018,5.22909695327987,16.8498600101466));
#3143=CARTESIAN_POINT('',(-7.35420085675018,5.22909695327987,-2.15013998985341));
#3144=CARTESIAN_POINT('',(-6.69942846965464,6.36319599512248,16.8498600101466));
#3145=CARTESIAN_POINT('Origin',(1.18086191673311,1.05744219135389,16.8498600101466));
#3146=CARTESIAN_POINT('',(-6.69942846965464,6.36319599512248,-2.15013998985341));
#3147=CARTESIAN_POINT('Origin',(-7.97100740956737,8.18779167900496,-5.77910568403096));
#3148=CARTESIAN_POINT('',(-7.97100740956737,8.18779167900496,16.8498600101466));
#3149=CARTESIAN_POINT('',(-7.97100740956737,8.18779167900496,16.8498600101466));
#3150=CARTESIAN_POINT('',(-7.97100740956737,8.18779167900496,-2.15013998985341));
#3151=CARTESIAN_POINT('Origin',(-7.65924737295233,8.40506035960524,-5.77910568403096));
#3152=CARTESIAN_POINT('',(-7.95148239079317,8.64795682797718,16.8498600101466));
#3153=CARTESIAN_POINT('Origin',(-7.65924737295233,8.40506035960524,16.8498600101466));
#3154=CARTESIAN_POINT('',(-7.95148239079317,8.64795682797718,-2.15013998985341));
#3155=CARTESIAN_POINT('Origin',(1.18086191673311,1.05744219135389,-5.77910568403096));
#3156=CARTESIAN_POINT('',(-7.32266100299873,9.34633373085393,16.8498600101466));
#3157=CARTESIAN_POINT('Origin',(1.18086191673311,1.05744219135389,16.8498600101466));
#3158=CARTESIAN_POINT('',(-7.32266100299873,9.34633373085393,-2.15013998985341));
#3159=CARTESIAN_POINT('Origin',(-7.05054826956731,9.08108920158993,-5.77910568403096));
#3160=CARTESIAN_POINT('',(-6.86705760706819,9.41385214540373,16.8498600101466));
#3161=CARTESIAN_POINT('Origin',(-7.05054826956731,9.08108920158993,16.8498600101466));
#3162=CARTESIAN_POINT('',(-6.86705760706819,9.41385214540373,-2.15013998985341));
#3163=CARTESIAN_POINT('Origin',(-6.86705760706819,9.41385214540374,-5.77910568403096));
#3164=CARTESIAN_POINT('',(-4.91954105674005,8.33996123089233,16.8498600101466));
#3165=CARTESIAN_POINT('Origin',(1.18086191673311,1.05744219135389,16.8498600101466));
#3166=CARTESIAN_POINT('',(-8.31307076461396,1.39691566903667,16.8498600101466));
#3167=CARTESIAN_POINT('',(-8.31307076461396,1.39691566903667,-2.15013998985341));
#3168=CARTESIAN_POINT('',(-8.17618606178757,2.69928661993477,16.8498600101466));
#3169=CARTESIAN_POINT('Origin',(1.18086191673311,1.05744219135389,16.8498600101466));
#3170=CARTESIAN_POINT('',(-8.17618606178757,2.69928661993477,-2.15013998985341));
#3171=CARTESIAN_POINT('Origin',(-10.0799611498118,3.84893996955391,-5.77910568403096));
#3172=CARTESIAN_POINT('',(-10.0799611498118,3.84893996955391,16.8498600101466));
#3173=CARTESIAN_POINT('',(-10.0799611498118,3.84893996955391,16.8498600101466));
#3174=CARTESIAN_POINT('',(-10.0799611498118,3.84893996955391,-2.15013998985341));
#3175=CARTESIAN_POINT('Origin',(-9.8835253182805,4.17422901654229,-5.77910568403096));
#3176=CARTESIAN_POINT('',(-10.2492901855537,4.27726329175513,16.8498600101466));
#3177=CARTESIAN_POINT('Origin',(-9.8835253182805,4.17422901654229,16.8498600101466));
#3178=CARTESIAN_POINT('',(-10.2492901855537,4.27726329175513,-2.15013998985341));
#3179=CARTESIAN_POINT('Origin',(1.18086191673311,1.05744219135389,-5.77910568403096));
#3180=CARTESIAN_POINT('',(-9.95888874014331,5.17102703946646,16.8498600101466));
#3181=CARTESIAN_POINT('Origin',(1.18086191673311,1.05744219135389,16.8498600101466));
#3182=CARTESIAN_POINT('',(-9.95888874014331,5.17102703946646,-2.15013998985341));
#3183=CARTESIAN_POINT('Origin',(-9.60241671912327,5.03939232432686,-5.77910568403096));
#3184=CARTESIAN_POINT('',(-9.57013654058421,5.41801877622039,16.8498600101466));
#3185=CARTESIAN_POINT('Origin',(-9.60241671912327,5.03939232432686,16.8498600101466));
#3186=CARTESIAN_POINT('',(-9.57013654058421,5.41801877622039,-2.15013998985341));
#3187=CARTESIAN_POINT('Origin',(-9.57013654058421,5.4180187762204,-5.77910568403096));
#3188=CARTESIAN_POINT('',(-7.35420085675018,5.22909695327987,16.8498600101466));
#3189=CARTESIAN_POINT('Origin',(1.18086191673311,1.05744219135389,16.8498600101466));
#3190=CARTESIAN_POINT('',(-7.6303534622021,-2.49396366351761,16.8498600101466));
#3191=CARTESIAN_POINT('',(-7.6303534622021,-2.49396366351761,-2.15013998985341));
#3192=CARTESIAN_POINT('',(-8.03502505232203,-1.24851257264294,16.8498600101466));
#3193=CARTESIAN_POINT('Origin',(1.18086191673311,1.05744219135389,16.8498600101466));
#3194=CARTESIAN_POINT('',(-8.03502505232203,-1.24851257264294,-2.15013998985341));
#3195=CARTESIAN_POINT('Origin',(-10.2418162804846,-0.97258706570909,-5.77910568403096));
#3196=CARTESIAN_POINT('',(-10.2418162804846,-0.97258706570909,16.8498600101466));
#3197=CARTESIAN_POINT('',(-10.2418162804846,-0.97258706570909,16.8498600101466));
#3198=CARTESIAN_POINT('',(-10.2418162804846,-0.97258706570909,-2.15013998985341));
#3199=CARTESIAN_POINT('Origin',(-10.1946701938724,-0.595523083715122,-5.77910568403096));
#3200=CARTESIAN_POINT('',(-10.5707208421568,-0.650166563882693,16.8498600101466));
#3201=CARTESIAN_POINT('Origin',(-10.1946701938724,-0.595523083715122,16.8498600101466));
#3202=CARTESIAN_POINT('',(-10.5707208421568,-0.650166563882693,-2.15013998985341));
#3203=CARTESIAN_POINT('Origin',(1.18086191673311,1.05744219135389,-5.77910568403096));
#3204=CARTESIAN_POINT('',(-10.6689523872563,0.284444157095196,16.8498600101466));
#3205=CARTESIAN_POINT('Origin',(1.18086191673311,1.05744219135389,16.8498600101466));
#3206=CARTESIAN_POINT('',(-10.6689523872563,0.284444157095196,-2.15013998985341));
#3207=CARTESIAN_POINT('Origin',(-10.2897583295286,0.309180094191475,-5.77910568403096));
#3208=CARTESIAN_POINT('',(-10.4142701710753,0.66820210091901,16.8498600101466));
#3209=CARTESIAN_POINT('Origin',(-10.2897583295286,0.309180094191475,16.8498600101466));
#3210=CARTESIAN_POINT('',(-10.4142701710753,0.66820210091901,-2.15013998985341));
#3211=CARTESIAN_POINT('Origin',(-10.4142701710753,0.668202100919012,-5.77910568403096));
#3212=CARTESIAN_POINT('',(-8.31307076461396,1.39691566903667,16.8498600101466));
#3213=CARTESIAN_POINT('Origin',(1.18086191673311,1.05744219135389,16.8498600101466));
#3214=CARTESIAN_POINT('',(-5.42409697339359,-5.77077266025529,16.8498600101466));
#3215=CARTESIAN_POINT('',(-5.42409697339359,-5.77077266025529,-2.15013998985341));
#3216=CARTESIAN_POINT('',(-6.30035346220212,-4.79759123758423,16.8498600101466));
#3217=CARTESIAN_POINT('Origin',(1.18086191673311,1.05744219135389,16.8498600101466));
#3218=CARTESIAN_POINT('',(-6.30035346220212,-4.79759123758423,-2.15013998985341));
#3219=CARTESIAN_POINT('Origin',(-8.42858657908488,-5.44310360018906,-5.77910568403096));
#3220=CARTESIAN_POINT('',(-8.42858657908488,-5.44310360018906,16.8498600101466));
#3221=CARTESIAN_POINT('',(-8.42858657908488,-5.44310360018906,16.8498600101466));
#3222=CARTESIAN_POINT('',(-8.42858657908488,-5.44310360018906,-2.15013998985341));
#3223=CARTESIAN_POINT('Origin',(-8.53888222407562,-5.079462471195,-5.77910568403096));
#3224=CARTESIAN_POINT('',(-8.86019607997012,-5.28233535260158,16.8498600101466));
#3225=CARTESIAN_POINT('Origin',(-8.53888222407562,-5.079462471195,16.8498600101466));
#3226=CARTESIAN_POINT('',(-8.86019607997012,-5.28233535260158,-2.15013998985341));
#3227=CARTESIAN_POINT('Origin',(1.18086191673311,1.05744219135389,-5.77910568403096));
#3228=CARTESIAN_POINT('',(-9.33007548902616,-4.46848034268606,16.8498600101466));
#3229=CARTESIAN_POINT('Origin',(1.18086191673311,1.05744219135389,16.8498600101466));
#3230=CARTESIAN_POINT('',(-9.33007548902616,-4.46848034268606,-2.15013998985341));
#3231=CARTESIAN_POINT('Origin',(-8.99372549204187,-4.29165082159678,-5.77910568403096));
#3232=CARTESIAN_POINT('',(-9.2535001251162,-4.01431142661097,16.8498600101466));
#3233=CARTESIAN_POINT('Origin',(-8.99372549204187,-4.29165082159678,16.8498600101466));
#3234=CARTESIAN_POINT('',(-9.2535001251162,-4.01431142661097,-2.15013998985341));
#3235=CARTESIAN_POINT('Origin',(-9.2535001251162,-4.01431142661097,-5.77910568403096));
#3236=CARTESIAN_POINT('',(-7.6303534622021,-2.49396366351761,16.8498600101466));
#3237=CARTESIAN_POINT('Origin',(1.18086191673311,1.05744219135389,16.8498600101466));
#3238=CARTESIAN_POINT('',(-2.0757830883144,-7.86692127676522,16.8498600101466));
#3239=CARTESIAN_POINT('',(-2.0757830883144,-7.86692127676522,-2.15013998985341));
#3240=CARTESIAN_POINT('',(-3.27211176835625,-7.33428143135329,16.8498600101466));
#3241=CARTESIAN_POINT('Origin',(1.18086191673311,1.05744219135389,16.8498600101466));
#3242=CARTESIAN_POINT('',(-3.27211176835625,-7.33428143135329,-2.15013998985341));
#3243=CARTESIAN_POINT('Origin',(-4.95379593365922,-8.78961671170671,-5.77910568403096));
#3244=CARTESIAN_POINT('',(-4.95379593365922,-8.78961671170671,16.8498600101466));
#3245=CARTESIAN_POINT('',(-4.95379593365922,-8.78961671170671,16.8498600101466));
#3246=CARTESIAN_POINT('',(-4.95379593365922,-8.78961671170671,-2.15013998985341));
#3247=CARTESIAN_POINT('Origin',(-5.20246219122962,-8.50227529049158,-5.77910568403096));
#3248=CARTESIAN_POINT('',(-5.41348117000524,-8.81829900889969,16.8498600101466));
#3249=CARTESIAN_POINT('Origin',(-5.20246219122962,-8.50227529049158,16.8498600101466));
#3250=CARTESIAN_POINT('',(-5.41348117000524,-8.81829900889969,-2.15013998985341));
#3251=CARTESIAN_POINT('Origin',(1.18086191673311,1.05744219135389,-5.77910568403096));
#3252=CARTESIAN_POINT('',(-6.17376202447164,-8.26592263490159,16.8498600101466));
#3253=CARTESIAN_POINT('Origin',(1.18086191673311,1.05744219135389,16.8498600101466));
#3254=CARTESIAN_POINT('',(-6.17376202447164,-8.26592263490159,-2.15013998985341));
#3255=CARTESIAN_POINT('Origin',(-5.93841405835309,-7.96757496046142,-5.77910568403096));
#3256=CARTESIAN_POINT('',(-6.28853408891812,-7.81987267815969,16.8498600101466));
#3257=CARTESIAN_POINT('Origin',(-5.93841405835309,-7.96757496046142,16.8498600101466));
#3258=CARTESIAN_POINT('',(-6.28853408891812,-7.81987267815969,-2.15013998985341));
#3259=CARTESIAN_POINT('Origin',(-6.28853408891812,-7.81987267815969,-5.77910568403096));
#3260=CARTESIAN_POINT('',(-5.42409697339359,-5.77077266025529,16.8498600101466));
#3261=CARTESIAN_POINT('Origin',(1.18086191673311,1.05744219135389,16.8498600101466));
#3262=CARTESIAN_POINT('',(1.83563430382857,-8.41996637434049,16.8498600101466));
#3263=CARTESIAN_POINT('',(1.83563430382857,-8.41996637434049,-2.15013998985341));
#3264=CARTESIAN_POINT('',(0.526089529637516,-8.41996637434048,16.8498600101466));
#3265=CARTESIAN_POINT('Origin',(1.18086191673311,1.05744219135389,16.8498600101466));
#3266=CARTESIAN_POINT('',(0.526089529637516,-8.41996637434048,-2.15013998985341));
#3267=CARTESIAN_POINT('Origin',(-0.418267214283773,-10.4334838811634,-5.77910568403096));
#3268=CARTESIAN_POINT('',(-0.418267214283773,-10.4334838811634,16.8498600101466));
#3269=CARTESIAN_POINT('',(-0.418267214283773,-10.4334838811634,16.8498600101466));
#3270=CARTESIAN_POINT('',(-0.418267214283773,-10.4334838811634,-2.15013998985341));
#3271=CARTESIAN_POINT('Origin',(-0.762307429437866,-10.2721261098702,-5.77910568403096));
#3272=CARTESIAN_POINT('',(-0.826544432617072,-10.6466572933817,16.8498600101466));
#3273=CARTESIAN_POINT('Origin',(-0.762307429437866,-10.2721261098702,16.8498600101466));
#3274=CARTESIAN_POINT('',(-0.826544432617072,-10.6466572933817,-2.15013998985341));
#3275=CARTESIAN_POINT('Origin',(1.18086191673311,1.05744219135389,-5.77910568403096));
#3276=CARTESIAN_POINT('',(-1.74576726582185,-10.4512704485471,16.8498600101466));
#3277=CARTESIAN_POINT('Origin',(1.18086191673311,1.05744219135389,16.8498600101466));
#3278=CARTESIAN_POINT('',(-1.74576726582185,-10.4512704485471,-2.15013998985341));
#3279=CARTESIAN_POINT('Origin',(-1.65211513198009,-10.0829916440703,-5.77910568403096));
#3280=CARTESIAN_POINT('',(-2.03204162601051,-10.0904655408957,16.8498600101466));
#3281=CARTESIAN_POINT('Origin',(-1.65211513198009,-10.0829916440703,16.8498600101466));
#3282=CARTESIAN_POINT('',(-2.03204162601051,-10.0904655408957,-2.15013998985341));
#3283=CARTESIAN_POINT('Origin',(-2.03204162601051,-10.0904655408957,-5.77910568403096));
#3284=CARTESIAN_POINT('',(-2.0757830883144,-7.86692127676522,16.8498600101466));
#3285=CARTESIAN_POINT('Origin',(2.77999104774984,-10.4334838811635,-5.77910568403096));
#3286=CARTESIAN_POINT('',(1.83563430382857,-8.41996637434049,16.8498600101466));
#3287=CARTESIAN_POINT('Origin',(1.18086191673311,1.05744219135389,16.8498600101466));
#3288=CARTESIAN_POINT('Origin',(1.18086191673311,1.05744219135389,16.8498600101466));
#3289=CARTESIAN_POINT('Origin',(1.18086191673311,1.05744219135389,16.8498600101466));
#3290=UNCERTAINTY_MEASURE_WITH_UNIT(LENGTH_MEASURE(0.01),#3294,
'DISTANCE_ACCURACY_VALUE',
'Maximum model space distance between geometric entities at asserted c
onnectivities');
#3291=UNCERTAINTY_MEASURE_WITH_UNIT(LENGTH_MEASURE(0.01),#3294,
'DISTANCE_ACCURACY_VALUE',
'Maximum model space distance between geometric entities at asserted c
onnectivities');
#3292=(
GEOMETRIC_REPRESENTATION_CONTEXT(3)
GLOBAL_UNCERTAINTY_ASSIGNED_CONTEXT((#3290))
GLOBAL_UNIT_ASSIGNED_CONTEXT((#3294,#3296,#3297))
REPRESENTATION_CONTEXT('','3D')
);
#3293=(
GEOMETRIC_REPRESENTATION_CONTEXT(3)
GLOBAL_UNCERTAINTY_ASSIGNED_CONTEXT((#3291))
GLOBAL_UNIT_ASSIGNED_CONTEXT((#3294,#3296,#3297))
REPRESENTATION_CONTEXT('','3D')
);
#3294=(
LENGTH_UNIT()
NAMED_UNIT(*)
SI_UNIT(.MILLI.,.METRE.)
);
#3295=(
LENGTH_UNIT()
NAMED_UNIT(*)
SI_UNIT($,.METRE.)
);
#3296=(
NAMED_UNIT(*)
PLANE_ANGLE_UNIT()
SI_UNIT($,.RADIAN.)
);
#3297=(
NAMED_UNIT(*)
SI_UNIT($,.STERADIAN.)
SOLID_ANGLE_UNIT()
);
#3298=SHAPE_DEFINITION_REPRESENTATION(#3299,#3300);
#3299=PRODUCT_DEFINITION_SHAPE('',$,#3302);
#3300=SHAPE_REPRESENTATION('',(#1894),#3292);
#3301=PRODUCT_DEFINITION_CONTEXT('part definition',#3306,'design');
#3302=PRODUCT_DEFINITION('Configuration 1','middle pinion v10',#3303,#3301);
#3303=PRODUCT_DEFINITION_FORMATION('',$,#3308);
#3304=PRODUCT_RELATED_PRODUCT_CATEGORY('middle pinion v10',
'middle pinion v10',(#3308));
#3305=APPLICATION_PROTOCOL_DEFINITION('international standard',
'automotive_design',2009,#3306);
#3306=APPLICATION_CONTEXT(
'Core Data for Automotive Mechanical Design Process');
#3307=PRODUCT_CONTEXT('part definition',#3306,'mechanical');
#3308=PRODUCT('Configuration 1','middle pinion v10',$,(#3307));
#3309=PRESENTATION_STYLE_ASSIGNMENT((#3310));
#3310=SURFACE_STYLE_USAGE(.BOTH.,#3311);
#3311=SURFACE_SIDE_STYLE('',(#3312));
#3312=SURFACE_STYLE_FILL_AREA(#3313);
#3313=FILL_AREA_STYLE('Steel - Satin',(#3314));
#3314=FILL_AREA_STYLE_COLOUR('Steel - Satin',#3315);
#3315=COLOUR_RGB('Steel - Satin',0.627450980392157,0.627450980392157,0.627450980392157);
ENDSEC;
END-ISO-10303-21;
